sezione,domanda,tipo,pagina_pdf,risposta,incipit
Topic 1 - General Arithmetic,1,PS,1,,"Of the films Empty Set Studios released last year, 60% were comedies and the rest were hor..."
Topic 1 - General Arithmetic,2,PS,1,,"At a certain hospital, 75% of the interns receive fewer than 6 hours of sleep and report f..."
Topic 1 - General Arithmetic,3,PS,1,,"All of the students of Music High School are in the band, the orchestra, or both. 80 perce..."
Topic 1 - General Arithmetic,4,PS,1,,How many attendees are at a convention if 150 of the attendees are neither female nor stud...
Topic 1 - General Arithmetic,5,PS,1,,Eighty percent of the lights at Hotel California are on at 8 p.m. a certain evening. Howev...
Topic 1 - General Arithmetic,6,PS,1,,Of the 645 speckled trout in a certain fishery that contains only speckled and rainbow tro...
Topic 1 - General Arithmetic,7,PS,1,,30% of major airline companies equip their planes with wireless internet access. 70% of ma...
Topic 1 - General Arithmetic,8,PS,1,,"In country Z, 10% of the people do not have a university diploma but have the job of their..."
Topic 1 - General Arithmetic,9,PS,1,,Seventy percent of the 800 students in School T are male. At least ten percent of the fema...
Topic 1 - General Arithmetic,10,PS,1,,"75% of the guestrooms at the Stagecoach Inn have a queenHsized bed, and each of the remain..."
Topic 1 - General Arithmetic,11,PS,1,,"At the end of the day, February 14th, a florist had 120 roses left in his shop, all of whi..."
Topic 1 - General Arithmetic,2,PS,2,,"Some of the people in Town X are leftHhanded, some are tall, some are both, and some are n..."
Topic 1 - General Arithmetic,13,PS,2,,The waiter at an expensive restaurant has noticed that 60% of the couples order dessert an...
Topic 1 - General Arithmetic,14,PS,2,,50% of the apartments in a certain building have windows and hardwood floors. 25% of the a...
Topic 1 - General Arithmetic,15,PS,2,,A farmer has an apple orchard consisting of Fuji and Gala apple trees. Due to high winds t...
Topic 1 - General Arithmetic,16,PS,2,,"In a group of 68 students, each student is registered for at least one of three classes –..."
Topic 1 - General Arithmetic,17,PS,2,,Each of the 59 members in a high school class is required to sign up for a minimum of one...
Topic 1 - General Arithmetic,18,PS,2,,"Each of 435 bags contains at least one of the following three items: raisins, almonds, and..."
Topic 1 - General Arithmetic,19,DS,2,,What percent of the students at Jefferson High School study French but not Spanish? (1) 30...
Topic 1 - General Arithmetic,20,DS,2,,"If none of the students are ambidextrous, what percentage of the 20 students in Mr. Hender..."
Topic 1 - General Arithmetic,21,DS,2,,Guests at a recent party ate a total of fifteen hamburgers. Each guest who was neither a s...
Topic 1 - General Arithmetic,22,DS,2,,"To receive a driver license, sixteen yearHolds at Culliver High School have to pass both a..."
Topic 1 - General Arithmetic,23,DS,3,,"At a charity fundraiser, 180 of the guests had a house both in the Hamptons and in Palm Be..."
Topic 1 - General Arithmetic,24,PS,3,,Recently Mary gave a birthday party for her daughter at which she served both chocolate an...
Topic 1 - General Arithmetic,25,DS,3,,Many of the students at the International School speak French or German or both. Among the...
Topic 1 - General Arithmetic,26,DS,3,,Each member of a pack of 55 wolves has either brown or blue eyes and either a white or a g...
Topic 1 - General Arithmetic,27,DS,3,,What percentage of the current fourth graders at Liberation Elementary School dressed in c...
Topic 1 - General Arithmetic,28,DS,3,,"Of all the houses on Kermit Lane, 20 have front porches, 20 have front yards, and 40 have..."
Topic 1 - General Arithmetic,29,DS,3,,"55 people live in an apartment complex with three fitness clubs (A, B, and C). Of the 55 r..."
Topic 1 - General Arithmetic,30,DS,3,,At least 100 students at a certain high school study Japanese. If 4 percent of the student...
Topic 1 - General Arithmetic,31,PS,3,,"Set A, B, C have some elements in common. if 16 elements are in both A and B, 17 elements..."
Topic 1 - General Arithmetic,32,DS,4,,"Of the students who eat in a certain cafeteria, each student either likes or dislikes lima..."
Topic 1 - General Arithmetic,1,PS,4,,"Two years ago, Arthur gave each of his five children 20 percent of his fortune to invest i..."
Topic 1 - General Arithmetic,2,PS,4,,"A car dealership has 40 cars on the lot, 30% of which are silver. If the dealership receiv..."
Topic 1 - General Arithmetic,3,PS,4,,"Paul's income is 40% less than Rex's income, Quentin's income is 20% less than Paul's inco..."
Topic 1 - General Arithmetic,4,PS,4,,A school’s annual budget for the purchase of student computers increased by 60% this year...
Topic 1 - General Arithmetic,5,PS,4,,Boomtown urban planners expect the city’s population to increase by 10% per year over the...
Topic 1 - General Arithmetic,6,PS,4,,A retailer bought a shirt at wholesale and marked it up 80% to its initial retail price of...
Topic 1 - General Arithmetic,7,PS,4,,A certain NYC taxi driver has decided to start charging a rate of r cents per person per m...
Topic 1 - General Arithmetic,8,PS,4,,"Bob just filled his car's gas tank with 20 gallons of gasohol, a mixture consisting of 5%..."
Topic 1 - General Arithmetic,9,PS,4,,Which of the following values is closest to 1/3 + 0.4 + 65%? 1.1 1.2 1.3 1.4 1.5
Topic 1 - General Arithmetic,10,PS,4,,A certain tank is filled to one quarter of its capacity with a mixture consisting of water...
Topic 1 - General Arithmetic,11,PS,4,,The useful life of a certain piece of equipment is determined by the following formula: u...
Topic 1 - General Arithmetic,12,PS,5,,"If m > 0, y > 0, and x is m percent of 2y, then, in terms of y, m is what percent of x? y/..."
Topic 1 - General Arithmetic,13,PS,5,,x% of y is increased by x%. What is the result in terms of x and y? 100xy + x xy + x/100 1...
Topic 1 - General Arithmetic,14,PS,5,,The manufacturer’s suggested retail price (MSRP) of a certain item is $60. Store A sells t...
Topic 1 - General Arithmetic,15,PS,5,,"Two years ago, Sam put $1,000 into a savings account. At the end of the first year, his ac..."
Topic 1 - General Arithmetic,16,PS,5,,The price of a certain painting increased by 20% during the first year and decreased by 15...
Topic 1 - General Arithmetic,17,PS,5,,If an item that originally sold for z dollars was marked up by x percent and then discount...
Topic 1 - General Arithmetic,18,PS,5,,A clock store sold a certain clock to a collector for 20 percent more than the store had o...
Topic 1 - General Arithmetic,19,PS,5,,90 students represent x percent of the boys at Jones Elementary School. If the boys at Jon...
Topic 1 - General Arithmetic,20,PS,5,,Cindy has her eye on a sundress but thinks it is too expensive. It goes on sale for 15% le...
Topic 1 - General Arithmetic,21,PS,5,,"Jennifer has 60 dollars more than Brian. If she were to give Brian 1/5 of her money, Brian..."
Topic 1 - General Arithmetic,22,PS,5,,The average computer price today is $700. If the average computer price three years ago wa...
Topic 1 - General Arithmetic,23,PS,5,,A small pool filled only with water will require an additional 300 gallons of water in ord...
Topic 1 - General Arithmetic,24,PS,6,,0.2% of (3/4)2 × (160 ÷ 10H2) = 1.8 × 10 H3 1.8 × 10H2 1.8 1.8 × 10 1.8 × 10 2
Topic 1 - General Arithmetic,25,PS,6,,0.35 represents what percent of 0.007? 0.05% 0.5% 5% 500% 5000%
Topic 1 - General Arithmetic,26,DS,6,,"The price of a certain property increased by 10% in the first year, decreased by 20% in th..."
Topic 1 - General Arithmetic,27,DS,6,,A certain salesman's yearly income is determined by a base salary plus a commission on the...
Topic 1 - General Arithmetic,28,DS,6,,"In the month of June, a street vendor sold 10% more hot dogs than he sold in the month of..."
Topic 1 - General Arithmetic,29,DS,6,,"A sales associate earns a commission of 8% on her first $10,000 in sales revenue in a give..."
Topic 1 - General Arithmetic,30,DS,6,,"A certain football team played x games last season, of which the team won exactly y games...."
Topic 1 - General Arithmetic,31,DS,6,,"In 1994, Company X recorded profits that were 10% greater than in 1993, and in 1993 the co..."
Topic 1 - General Arithmetic,32,DS,6,,All of the furniture for sale at Al’s Discount Furniture is offered for less than the manu...
Topic 1 - General Arithmetic,33,DS,6,,The total cost of producing item X is equal to the sum of item X's fixed cost and variable...
Topic 1 - General Arithmetic,34,DS,6,,"Of all the attendees at a dinner party, 40% were women. If each attendee arrived at the pa..."
Topic 1 - General Arithmetic,36,PS,7,,"Three grades of milk are 1 percent, 2 percent, and 3 percent by volume. If x gallons of 1..."
Topic 1 - General Arithmetic,37,DS,7,,"Whenever Martin has a restaurant bill with an am ount between $10 and $99, he calculates t..."
Topic 1 - General Arithmetic,38,DS,7,,"Jack and Mark both received hourly wage increases of 6 percent. After the increases, Jack'..."
Topic 1 - General Arithmetic,39,DS,7,,A manufacture produced x percent more video cameras in 1994 than in 1993 and y percent mor...
Topic 1 - General Arithmetic,40,DS,7,,What fraction of this year's graduation students at a certain college are males? (1) Of th...
Topic 1 - General Arithmetic,41,DS,7,,"If y is greater than 110 percent of x, is y greater than 75? (1) x >75 (2) y – x = 10"
Topic 1 - General Arithmetic,42,DS,7,,At least 10 percent of the people in Country X who are 65 year old or older employed? (1)...
Topic 1 - General Arithmetic,43,DS,7,,In 1999 company X's gross profit was what percent of its revenue? (1) In 1999 company X's...
Topic 1 - General Arithmetic,44,DS,7,,Henry purchased 3 items during a sale. He received a 20 percent discount off the regular p...
Topic 1 - General Arithmetic,45,PS,7,,The rate of a certain chemical reaction is directly proportional to the square of the conc...
Topic 1 - General Arithmetic,46,PS,7,,"Of the 800 employees in a certain company, 70% have serviced more than 10 years. A number..."
Topic 1 - General Arithmetic,47,PS,7,,"Before being simplified, the instructions for computing income tax in Country R were to ad..."
Topic 1 - General Arithmetic,48,PS,8,,"A certain city with population of 132,000 is to be divided into 11 voting districts, and n..."
Topic 1 - General Arithmetic,49,PS,8,,"At the end of the first quarter, the share price of a certain mutual fund was 20 percent h..."
Topic 1 - General Arithmetic,50,PS,8,,A furniture dealer purchased a desk for $150 and then set the selling price equal to the p...
Topic 1 - General Arithmetic,51,PS,8,,"Bobby bought two shares of stock, which sold for $96 each. If he had a profit of 20 percen..."
Topic 1 - General Arithmetic,52,PS,8,,In May Mr. Lee's earings were 60 percent of the Lee family's total income. In June Mr. Lee...
Topic 1 - General Arithmetic,53,PS,8,,Amy's grade was the 90th percentile of the 80 grades for her class. Of the 100 grades from...
Topic 1 - General Arithmetic,1,PS,8,,Machine A and Machine B can produce 1 widget in 3 hours working together at their respecti...
Topic 1 - General Arithmetic,2,PS,8,,Adam and Brianna plan to install a new tile floor in a classroom. Adam works at a constant...
Topic 1 - General Arithmetic,3,PS,8,,"A copy machine, working at a constant rate, makes 35 copies per minute. A second copy mach..."
Topic 1 - General Arithmetic,4,PS,8,,"Tom, working alone, can paint a room in 6 hours. Peter and John, working independently, ca..."
Topic 1 - General Arithmetic,5,PS,9,,Machine A can complete a certain job in x hours. Machine B can complete the same job in y...
Topic 1 - General Arithmetic,6,PS,9,,Lindsay can paint 1/x of a certain room in 20 minutes. What fraction of the same room can...
Topic 1 - General Arithmetic,7,PS,9,,"One smurf and one elf can build a treehouse together in two hours, but the smurf would nee..."
Topic 1 - General Arithmetic,8,PS,9,,"At Supersonic Corporation, the time required for a machine to complete a job is determined..."
Topic 1 - General Arithmetic,9,PS,9,,A paint crew gets a rush order to paint 80 houses in a new development. They paint the fir...
Topic 1 - General Arithmetic,10,DS,9,,"The thirdHplace finisher of the Allen County hot dog eating contest, in which each contest..."
Topic 1 - General Arithmetic,11,DS,9,,"On Sunday morning, a printing press printed its newspapers at a constant rate from 1:00 AM..."
Topic 1 - General Arithmetic,12,DS,9,,Machine A can fill an order of widgets in a hours. Machine B can fill the same order of wi...
Topic 1 - General Arithmetic,13,DS,9,,"Reserve tank 1 is capable of holding z gallons of water. Water is pumped into tank 1, whic..."
Topic 1 - General Arithmetic,14,DS,9,,Bill can dig a well in x! hours. Carlos can dig the same well in y! hours. If q is the num...
Topic 1 - General Arithmetic,15,PS,9,,"Working alone at its own constant rate, a machine seals k cartons in 8 hours, and working..."
Topic 1 - General Arithmetic,1,PS,10,,"Bob bikes to school every day at a steady rate of x miles per hour. On a particular day, B..."
Topic 1 - General Arithmetic,2,PS,10,,"Lexy walks 5 miles from point A to point B in one hour, then bicycles back to point A alon..."
Topic 1 - General Arithmetic,3,PS,10,,Triathlete Dan runs along a 2Hmile stretch of river and then swims back along the same rou...
Topic 1 - General Arithmetic,4,PS,10,,Tom and Linda stand at point A. Linda begins to walk in a straight line away from Tom at a...
Topic 1 - General Arithmetic,5,PS,10,,It takes the highHspeed train x hours to travel the z miles from Town A to Town B at a con...
Topic 1 - General Arithmetic,6,PS,10,,The ‘moving walkway’ is a 300Hfoot long conveyor belt that moves continuously at 3 feet pe...
Topic 1 - General Arithmetic,7,PS,10,,"John and Jacob set out together on bicycle traveling at 15 and 12 miles per hour, respecti..."
Topic 1 - General Arithmetic,8,PS,10,,"Stephanie, Regine, and Brian ran a 20 mile race. Stephanie and Regine's combined times exc..."
Topic 1 - General Arithmetic,9,PS,10,,A car traveled from Los Angeles to San Francisco in 6 hours at an average rate of x miles...
Topic 1 - General Arithmetic,10,PS,10,,Deb normally drives to work in 45 minutes at an average speed of 40 miles per hour. This w...
Topic 1 - General Arithmetic,11,PS,11,,Alex and Brenda both stand at point X. Alex begins to walk away from Brenda in a straight...
Topic 1 - General Arithmetic,12,PS,11,,"On Monday, Lou drives his ford escort with 28Hinch tires, averaging x miles per hour. On T..."
Topic 1 - General Arithmetic,13,PS,11,,Martha takes a road trip from point A to point B. She drives x percent of the distance at...
Topic 1 - General Arithmetic,14,PS,11,,A notHsoHgood clockmaker has four clocks on display in the window. Clock #1 loses 15 minut...
Topic 1 - General Arithmetic,15,PS,11,,At exactly what time past 7:00 will the minute and hour hands of an accurate working clock...
Topic 1 - General Arithmetic,16,PS,11,,The figure below represents a track with identical semiHcircular ends used for a 4Hlap rel...
Topic 1 - General Arithmetic,17,DS,11,,What is the distance between Harry’s home and his office? (1) Harry’s average speed on his...
Topic 1 - General Arithmetic,18,DS,12,,Bob and Wendy left home to walk together to a restaurant for dinner. They started out walk...
Topic 1 - General Arithmetic,19,DS,12,,If a car traveled from Townsend to Smallville at an average speed of 40 mph and then retur...
Topic 1 - General Arithmetic,20,DS,12,,What was Bill's average speed on his trip of 250 miles from New York City to Boston? (1) T...
Topic 1 - General Arithmetic,21,DS,12,,Train A leaves New York for Boston at 3 PM and travels at the constant speed of 100 mph. A...
Topic 1 - General Arithmetic,22,DS,12,,Edwin is planning to drive from Boston to New Orleans. By what percent would his travel ti...
Topic 1 - General Arithmetic,23,DS,12,,Trains A and B travel at the same constant rate in opposite directions along the same rout...
Topic 1 - General Arithmetic,25,DS,12,,"If it took Carol 1/2 hour to cycle from his house to the library yesterday, was the distan..."
Topic 1 - General Arithmetic,26,DS,13,,How much time did it take a certain car to trave l 400 kilometers? (1) The car traveled th...
Topic 1 - General Arithmetic,27,DS,13,,"On his trip from Alba to Bento, Julio drove the first x miles at an average rate of 50 mil..."
Topic 1 - General Arithmetic,28,PS,13,,A hiker walking at a constant rate of 4 miles per hour is passed by a cyclist traveling in...
Topic 1 - General Arithmetic,29,PS,13,,A boat traveled upstream a distance of 90 miles at an average speed of (VH3) miles per hou...
Topic 1 - General Arithmetic,1,PS,13,,Jolene entered an 18Hmonth investment contract that guarantees to pay 2 percent interest a...
Topic 1 - General Arithmetic,2,PS,13,,Wes works at a science lab that conducts experiments on bacteria. The population of the ba...
Topic 1 - General Arithmetic,3,PS,13,,The population of locusts in a certain swarm doubles every two hours. If 4 hours ago there...
Topic 1 - General Arithmetic,4,PS,13,,An investor purchased a share of nonHdividendHpaying stock for p dollars on Monday. For a...
Topic 1 - General Arithmetic,5,PS,13,,"A certain investment grows at an annual interest rate of 8%, compounded quarterly. Which o..."
Topic 1 - General Arithmetic,6,PS,13,,"Jim needs $1,000 to buy a new flatHscreen TV. Since he has only $7, he borrows the remanin..."
Topic 1 - General Arithmetic,7,PS,14,,Louie takes out a threeHmonth loan of $1000. The lender charges him 10% interest per month...
Topic 1 - General Arithmetic,8,PS,14,,Donald plans to invest x dollars in a savings account that pays interest at an annual rate...
Topic 1 - General Arithmetic,9,DS,14,,The number of antelope in a certain herd increases every year at a constant rate. If there...
Topic 1 - General Arithmetic,10,DS,14,,"A scientist is studying bacteria whose cell population doubles at constant intervals, at w..."
Topic 1 - General Arithmetic,11,DS,14,,Grace makes an initial deposit of x dollars into a savings account with a z percent intere...
Topic 1 - General Arithmetic,12,DS,14,,A certain sum was invested in a highHinterest bond for which the interest is compounded mo...
Topic 1 - General Arithmetic,1,PS,14,,Which of the following fractions is at least twice as great as 11/50? 2/5 11/34 43/99 8/21...
Topic 1 - General Arithmetic,2,PS,14,,"At the beginning of the year, the ratio of juniors to seniors in high school X was 3 to 4...."
Topic 1 - General Arithmetic,3,PS,14,,3/5 of a certain class left on a field trip. 1/3 of the students who stayed behind did not...
Topic 1 - General Arithmetic,4,PS,14,,The ratio of boys to girls in Class A is 3 to 4. The ratio of boys to girls in Class B is...
Topic 1 - General Arithmetic,5,PS,15,,John's front lawn is 1/3 the size of his back lawn. If John mows 1/2 of his front lawn and...
Topic 1 - General Arithmetic,6,PS,15,,"At Jefferson Elementary School, the number of teachers and students (kindergarten through..."
Topic 1 - General Arithmetic,7,PS,15,,A certain galaxy is known to comprise approximately 4 x 10 11 stars. Of every 50 million o...
Topic 1 - General Arithmetic,8,PS,15,,A lemonade stand sold only small and large cups of lemonade on Tuesday. 3/5 of the cups so...
Topic 1 - General Arithmetic,9,PS,15,,"Miguel is mixing up a salad dressing. Regardless of the number of servings, the recipe req..."
Topic 1 - General Arithmetic,10,PS,15,,Harold and Millicent are getting married and need to combine their alreadyHfull libraries....
Topic 1 - General Arithmetic,11,PS,15,,"In a certain pet shop, the ratio of dogs to cats to bunnies in stock is 3 : 5 : 7. If the..."
Topic 1 - General Arithmetic,12,PS,15,,"A foreign language club at Washington Middle School consists of n students, 2/5 of whom ar..."
Topic 1 - General Arithmetic,13,PS,15,,A certain ball team has an equal number of rightH and leftHhanded players. On a certain da...
Topic 1 - General Arithmetic,14,PS,15,,"Bag A contains red, white and blue marbles such that the red to white marble ratio is 1:3..."
Topic 1 - General Arithmetic,15,PS,15,,"The ratio by weight, measured in pounds, of books to clothes to electronics in Jorge's sui..."
Topic 1 - General Arithmetic,16,DS,16,,"Joe, Bob and Dan worked in the ratio of 1:2:4 hours, respectively. How many hours did Bob..."
Topic 1 - General Arithmetic,17,DS,16,,In 2003 Acme Computer priced its computers five times higher than its printers. What is th...
Topic 1 - General Arithmetic,18,DS,16,,"If Pool Y currently contains more water than Pool X, and if Pool X is currently filled to..."
Topic 1 - General Arithmetic,19,DS,16,,Three business partners shared all the proceeds from the sale of their privately held comp...
Topic 1 - General Arithmetic,20,DS,16,,"In a piggy bank filled with only pennies, nickels, and dimes, what is the ratio of pennies..."
Topic 1 - General Arithmetic,21,DS,16,,"In a certain solution consisting of only two chemicals, for every 3 milliliters of Chemica..."
Topic 1 - General Arithmetic,22,DS,16,,"On a certain sightHseeing tour, the ratio of the number of women to the number of children..."
Topic 1 - General Arithmetic,23,DS,16,,"Each employee of Company Z is an employee of either Division X or Division Y, but not both..."
Topic 1 - General Arithmetic,24,DS,16,,"Of the 60 animals on a certain farm, 2/3 are either pigs or cows. How many of the animals..."
Topic 1 - General Arithmetic,25,DS,16,,Malik's recipe for 4 servings of a certain dish requires 3/2 cups of pasta. According to t...
Topic 2 - Statistics,1,PS,17,,The table below provides revenues of a certain company in 2002 and 2003. By what percent d...
Topic 2 - Statistics,2,PS,17,,"During 2005, a company produced an average of 2,000 products per month. How many products..."
Topic 2 - Statistics,3,PS,17,,"After his first semester in college, Thomas is applying for a scholarship that has a minim..."
Topic 2 - Statistics,4,PS,17,,"A certain portfolio consisted of 5 stocks, priced at $20, $35, $40, $45, and $70, respecti..."
Topic 2 - Statistics,5,PS,17,,"If John makes a contribution to a charity fund at school, the average contribution size wi..."
Topic 2 - Statistics,6,PS,17,,"What is the minimum percentage increase in the mean of set X {H4, H1, 0, 6, 9} if its two..."
Topic 2 - Statistics,7,DS,17,,"If every member of set X {H14, H12, 17, 28, 41, Z} is multiplied by number N, by what perc..."
Topic 2 - Statistics,8,PS,17,,"Which of the following series of numbers, if added to the set {1, 6, 11, 16, 21}, will not..."
Topic 2 - Statistics,9,PS,17,,"If numbers N and K are added to set X {2, 8, 10, 12}, its mean will increase by 25%. What..."
Topic 2 - Statistics,10,DS,17,,"Set X consists of different positive numbers arranged in ascending order: K, L, M, 5, 7. I..."
Topic 2 - Statistics,11,DS,18,,"A group of men and women gathered to compete in a marathon. Before the competition, each c..."
Topic 2 - Statistics,12,PS,18,,"The mean of (54,820)2 and (54,822)2 = (A) (54,821) 2 (B) (54,821.5)2 (C) (54,820.5)2 (D) (..."
Topic 2 - Statistics,14,PS,18,,A convenience store currently stocks 48 bottles of mineral water. The bottles have two siz...
Topic 2 - Statistics,15,DS,18,,"Last year, the five employees of Company X took an average of 16 vacation days each. What..."
Topic 2 - Statistics,16,DS,18,,"In a room of men and women, the average weight of the women is 120 lbs, and the average we..."
Topic 2 - Statistics,17,PS,18,,"If set R contains the consecutive integers from H5 to H1, what is the mean of set R? H5 H3..."
Topic 2 - Statistics,18,DS,18,,"In Greenville last July, what was the average (arithmetic mean) home sale price? (1) In Gr..."
Topic 2 - Statistics,19,PS,18,,"x, y, and z are positive integers. The average (arithmetic mean) of x, y, and z is 11. If..."
Topic 2 - Statistics,20,PS,18,,"Set A contains the consecutive integers ranging from x to y, inclusive. If the number of i..."
Topic 2 - Statistics,21,DS,18,,"In a work force, the employees are either managers or directors. What is the percentage of..."
Topic 2 - Statistics,22,PS,18,,"In the first week of last month, Company X realized an average wholesale profit of $5304 p..."
Topic 2 - Statistics,23,PS,19,,A certain bank has ten branches. What is the total amount of assets under management at th...
Topic 2 - Statistics,10,PS,19,,"The result is $400,000 per customer. (2) The bank has a total of 4,000 customers. When the..."
Topic 2 - Statistics,24,DS,19,,"Three baseball teams, A, B, and C, play in a seasonal league. The ratio of the number of p..."
Topic 2 - Statistics,25,DS,19,,The average score of x number of exams is y. When an additional exam of score z is added i...
Topic 2 - Statistics,26,DS,19,,A new cell phone plan is offering pricing based on average monthly use. Brandon and Jodie...
Topic 2 - Statistics,27,DS,19,,"On Jane's credit card account, the average daily balance for a 30Hday billing cycle is ave..."
Topic 2 - Statistics,28,DS,19,,L spends total $6.00 for one kind of D and one kind of C. How many D did he buy? (1) the p...
Topic 2 - Statistics,29,DS,19,,"x, y, and z are consecutive integers, and x < y < z. What is the average of x, y, and z? (..."
Topic 2 - Statistics,1,PS,19,,"Set A consists of numbers {H2, 27.5, H6, 18.3, 9} and set B consists of numbers {H199, 0.3..."
Topic 2 - Statistics,2,PS,19,,Which of the following could be the median of a set consisting of 6 different primes? (A)...
Topic 2 - Statistics,3,PS,19,,"The median annual household income in a certain community of 21 households is $50,000. If..."
Topic 2 - Statistics,4,DS,19,,"What is the median of set A {H8, 15, H9, 4, N}? (1) N is a prime and N 6 is even (2) 2N +..."
Topic 2 - Statistics,5,PS,19,,"T is a set of y integers, where 0 < y < 7. If the average of Set T is the positive integer..."
Topic 2 - Statistics,6,PS,20,,"a, b, and c are integers and a < b < c. S is the set of all integers from a to b, inclusiv..."
Topic 2 - Statistics,7,PS,20,,Jim Broke’s only source of income comes from his job as a question writer. In this capacit...
Topic 2 - Statistics,8,DS,20,,"Set A, Set B, and Set C each contain only positive integers. If Set A is composed entirely..."
Topic 2 - Statistics,9,DS,20,,"If x and y are unknown positive integers, is the mean of the set {6, 7, 1, 5, x, y} greate..."
Topic 2 - Statistics,10,PS,20,,"Given the ascending set {x, x, y, y, y, y}. What is greater, the median or the mean?"
Topic 2 - Statistics,11,PS,20,,"There is a set of numbers in ascending order: {y H x, y, y, y, y, x, x, x, x + y}. If the..."
Topic 2 - Statistics,12,PS,20,,"During a behavioral experiment in a psychology class, each student is asked to compute his..."
Topic 2 - Statistics,13,DS,20,,"Given the ascending set of positive integers { a, b, c, d, e, f}, is the median greater th..."
Topic 2 - Statistics,14,PS,20,,"For the set of terms [ x, y, x + y, x – 4y, xy, 2y], if y > 6 and the mean of the set equa..."
Topic 2 - Statistics,15,DS,20,,"What is the median value of the set R, if for every term in the set, Rn = Rn–1 + 3? (1) Th..."
Topic 2 - Statistics,16,DS,20,,"Peter, Paul, and Mary each received a passing score on his/her history midterm. The averag..."
Topic 2 - Statistics,17,PS,20,,"Set A: 3, x, 8, 10 Set B: 4, y, 9, 11. The terms of each set above are given in ascending..."
Topic 2 - Statistics,18,PS,21,,"Set S includes elements {8, 2, 11, x, 3, y} and has a mean of 7 and a median of 5.5. If x..."
Topic 2 - Statistics,19,DS,21,,"If set S consist of the numbers 1, 5, H2, 8, and n, is 0<n<7? (1) the median of the number..."
Topic 2 - Statistics,20,DS,21,,"Set S consists of five consecutive integers, and set T consists of seven consecutive integ..."
Topic 2 - Statistics,21,PS,21,,The temperatures in Celsius recorder at 6 in the morning in various parts of a certain cou...
Topic 2 - Statistics,22,PS,21,,"A student worked for 20 days. For each of the amounts shown in the first row of the table,..."
Topic 2 - Statistics,23,PS,21,,Score Number and Interval of Scores 50H59 2 60H69 10 70H79 16 80H89 27 90H99 18 The table...
Topic 2 - Statistics,24,PS,21,,Last month 15 homes were sold in Town X. The average (arithmetic mean) sale price of the h...
Topic 2 - Statistics,25,PS,21,,Five pieces of wood have an average (arithmetic mean) length of 124 centimeters and a medi...
Topic 2 - Statistics,26,PS,21,,Amy's grade was the 90th percentile of the 80 grades for her class. Of the 100 grades from...
Topic 2 - Statistics,1,PS,22,,"Set A, B, and C consist of the following elements: A {0, 3, 4, 2, 0, 4, 7, 8, 4, 17} B {20..."
Topic 2 - Statistics,2,DS,22,,The mode of a set of integers is x. What is the difference between the median of this set...
Topic 2 - Statistics,1,PS,22,,"If set X contains numbers {H21, 6, 19, 126, 1000} and set Y contains numbers {H21, 990, 99..."
Topic 2 - Statistics,2,PS,22,,"Set X consists of prime numbers {3, 11, 7, K, 17, 19}. If integer Y represents the product..."
Topic 2 - Statistics,3,PS,22,,What could be the range of a set consisting of odd multiples of 7? (A) 21 (B) 24 (C) 35 (D...
Topic 2 - Statistics,4,PS,22,,What is the range of a set consisting of the first 100 multiples of 7 that are greater tha...
Topic 2 - Statistics,5,PS,22,,Set X consists of all twoHdigit primes and set Y consists of all positive odd multiples of...
Topic 2 - Statistics,6,DS,22,,"At a business school conference with 100 attendees, are there any students of the same age..."
Topic 2 - Statistics,7,PS,22,,"Set A consists of integers {3, H8, Y, 19, H6} and Set B consists of integers {K, H3, 0, 16..."
Topic 2 - Statistics,8,DS,22,,"If two elements are dropped from set X {H10, H8, 0, 6, 7}, what will be the percentage cha..."
Topic 2 - Statistics,9,PS,22,,"If a randomly selected nonHnegative single digit integer is added to set X {2, 3, 7, 8}, w..."
Topic 2 - Statistics,10,DS,22,,"Set A consists of all positive integers less than 100; Set B consists of 10 integers, the..."
Topic 2 - Statistics,11,DS,22,,Set A consists of 8 distinct prime numbers. If x is equal to the range of set A and y is e...
Topic 2 - Statistics,12,DS,22,,"If set S = {7, y, 12, 8, x, 9}, is x + y less than 18? (1) The range of set S is less than..."
Topic 2 - Statistics,14,DS,23,,S is a set of positive integers. The average of the terms in S is equal to the range of th...
Topic 2 - Statistics,16,DS,23,,10 students took a chemistry exam that was graded on a scale of 0 to 100. Five of the stud...
Topic 2 - Statistics,17,DS,23,,x is an integer greater than 7. What is the median of the set of integers from 1 to x incl...
Topic 2 - Statistics,19,DS,23,,"The numbers of books read by 7 students last year were 10, 5, p, q, r, 29 and 20. What was..."
Topic 2 - Statistics,20,PS,23,,A set of 15 different integers have a range of 25 and a median of 25. What is greatest pos...
Topic 2 - Statistics,1,PS,23,,"Find the SD of 7, 8, 9 and 10."
Topic 2 - Statistics,2,PS,23,,Set A consists of all prime numbers between 10 and 25; Set B consists of consecutive even...
Topic 2 - Statistics,3,PS,24,,"Set A consists of all even integers between 2 and 100, inclusive. Set X is derived by redu..."
Topic 2 - Statistics,4,PS,24,,"If M is a negative integer and K is a positive integer, which of the following could be th..."
Topic 2 - Statistics,5,PS,24,,"Sets A, B and C are shown below. If number 100 is included in each of these sets, which of..."
Topic 2 - Statistics,6,DS,24,,"If sets X and Y have an equal number of elements, does set X have a greater standard devia..."
Topic 2 - Statistics,7,PS,24,,"The table below represents three sets of numbers with their respective medians, means and..."
Topic 2 - Statistics,8,PS,24,,"If the mean of a data set is 75 and the standard deviation is 10, what is the range of sco..."
Topic 2 - Statistics,9,PS,24,,The mean score of a class on a test was 60 and the standard deviation was 15. If Elena's s...
Topic 2 - Statistics,10,PS,24,,"If y = ax + b, and if the standard deviation of x series is ‘S’, what is the standard devi..."
Topic 2 - Statistics,11,PS,24,,"If ax + by + c = 0, and if the standard deviation of x series is ‘S’, what is the standard..."
Topic 2 - Statistics,12,PS,24,,"If y = |x| – 100, and if the standard deviation of x series is ‘S’, what is the standard d..."
Topic 2 - Statistics,13,PS,24,,Three fair coins are labeled with a zero (0) on one side and a one (1) on the other side....
Topic 2 - Statistics,14,PS,24,,"Let Set T = {2, 4, 5, 7}. Which of the following values, if added to Set T, would most inc..."
Topic 2 - Statistics,15,DS,24,,"What is the standard deviation of Q, a set of consecutive integers? (1) Q has 21 members...."
Topic 2 - Statistics,16,DS,25,,"Does data set A = {1, 2, x} have a greater standard deviation than data set B = {1, 2, 3}?..."
Topic 2 - Statistics,17,PS,25,,"9.4, 9.9, 9.9, 9.9, 10.0, 10.2, 10.2, 10.5 The mean and the standard deviation of the 8 nu..."
Topic 2 - Statistics,18,PS,25,,"70, 75,80,85,90,105,105,130,130,130 The list shown consists of the times, in seconds, that..."
Topic 2 - Statistics,19,PS,25,,The residents of town x participated in a survey to determine the number of hours per week...
Topic 2 - Statistics,20,PS,25,,7.51 8.22 7.86 8.36 8.09 7.83 8.30 8.01 7.73 8.25 7.96 8.53 A vending machine is designed...
Topic 2 - Statistics,21,PS,25,,"A certain list of 100 data has an average of 6 and a standard deviation of d, where d is p..."
Topic 2 - Statistics,22,PS,25,,The lifetime of all the batteries produced by a certain company in a year have a distribut...
Topic 2 - Statistics,1,PS,26,,"If H1 < x < 0, which of the following must be true? I. x3 < x2 II. x5 < 1 – x III. x4 < x2..."
Topic 2 - Statistics,2,DS,26,,Is x > 0? (1) | x + 3| < 4 (2) | x – 3| < 4
Topic 2 - Statistics,3,DS,26,,"If x and n are integers, is the sum of x and n less than zero? (1) x + 3 < n – 1 (2) H2 x..."
Topic 2 - Statistics,4,DS,26,,Is a > c? (1) b > d (2) ab 2 – b > b2c – d
Topic 2 - Statistics,5,DS,26,,"If x is an integer, what is the value of x? (1) H5x > H3x + 10 (2) H11x – 10 < 67"
Topic 2 - Statistics,6,DS,26,,"If 8x > 4 + 6x, what is the value of the integer x? (1) 6 – 5x > H13 (2) 3 – 2x < Hx + 4 <..."
Topic 2 - Statistics,8,DS,26,,"If √(xy) = xy, what is the value of x + y? (1) x = H1/2 (2) y is not equal to 0."
Topic 2 - Statistics,9,DS,26,,Is x > y? (1) x 2 > y (2) √x < y
Topic 2 - Statistics,10,DS,26,,"If 6xy = x 2y + 9y, what is the value of xy? (1) y – x = 3 (2) x 3 < 0"
Topic 2 - Statistics,11,DS,26,,What is the value of x? (1) x 2 – 5x + 6 = 0 (2) x > 0
Topic 2 - Statistics,12,DS,26,,"What is x? (1) x 2 + 3x + 2 = 0 (2) x < 0 13. If 3|3 – x| = 7, what is the product of all..."
Topic 2 - Statistics,15,DS,26,,"Is d negative? (1) e + d = H12 (2) e – d < H12 16. If a – b > a + b, where a and b are int..."
Topic 2 - Statistics,17,PS,26,,"If | a| = 1/3 and |b| = 2/3, which of the following CANNOT be the result of a + b? H1 H1/3..."
Topic 2 - Statistics,18,PS,26,,"If |a| = |b|, which of the following must be true? I. a = b II. |a| = Hb III. Ha = Hb I on..."
Topic 2 - Statistics,19,PS,26,,Which of the following inequalities has a solution set that when graphed on the number lin...
Topic 2 - Statistics,20,DS,26,,"If n is a nonzero integer, is x n < 1? (1) x > 1 (2) n > 0"
Topic 2 - Statistics,21,DS,26,,"If x is an integer, is 3x less than 500? (1) 4 x–1 < 4x – 120 (2) x 2 = 36"
Topic 2 - Statistics,22,DS,27,,Is x3 > 1? (1) x > H2 (2) 2 x – (b – c) < c – (b – 2)
Topic 2 - Statistics,23,PS,27,,"If √[(x + 4) 2] = 3, which of the following could be the value of x – 4? H11 H7 H4 H3 5"
Topic 2 - Statistics,24,DS,27,,Is x > 1010 ? (1) x > 234 (2) x = 235
Topic 2 - Statistics,25,PS,27,,Is XY>0? 1). XHY>H2 2). XH2Y<H6
Topic 2 - Statistics,26,PS,27,,"If |x – (9/2)| = 5/2, and if y is the median of a set of p consecutive integers, where p i..."
Topic 2 - Statistics,27,PS,27,,"If | x | + |y | = Hx – y and xy does not equal 0, which of the following must be true?"
Topic 2 - Statistics,28,DS,27,,"If x and y are integers and xy does not equal 0, is xy < 0? (1) y = x4 – x3 (2) H12y2 – y2..."
Topic 2 - Statistics,30,PS,27,,"If a, b, c, and d are integers and ab2c3d4 > 0, which of the following must be positive? I..."
Topic 2 - Statistics,31,DS,27,,Is x|y | > y2? (1) x > y (2) y > 0
Topic 2 - Statistics,32,DS,27,,What is x? (1) | x| < 2 (2) | x| = 3x – 2
Topic 2 - Statistics,33,DS,27,,Is x > y? (1) √x > y (2) x3 > y
Topic 2 - Statistics,34,DS,27,,"If x is not equal to 0, is |x| less than 1? (1) x / |x| < x (2) |x| > x"
Topic 2 - Statistics,35,DS,27,,"If r + s > 2t, is r > t ? (1) t > s (2) r > s"
Topic 2 - Statistics,36,DS,27,,"If a and b are integers, and |a| > |b|, is a  |b| < a – b? (1) a < 0 (2) ab ≥ 0"
Topic 2 - Statistics,37,DS,27,,Is a > c? (1) b > d (2) ab2 – b > b2c – d
Topic 2 - Statistics,38,DS,27,,"If p < q and p < r, is (p)(q)(r) < p? (1) pq < 0 (2) pr < 0"
Topic 2 - Statistics,39,DS,27,,"If | x|y+ 9 > 0, and x and y are integers, is x < 6? (1) y is negative (2) |y| < 1"
Topic 2 - Statistics,40,DS,27,,"If n is not equal to 0, is |n| < 4 ? (1) n2 > 16 (2) 1/| n| > n"
Topic 2 - Statistics,41,DS,27,,"If x and y are nonHzero integers and |x| + |y| = 32, what is xy? (1) H4x – 12y = 0 (2) | x..."
Topic 2 - Statistics,42,DS,27,,What is the value of y? (1) 3| x2 – 4| = y – 2 (2) |3 – y| = 11
Topic 2 - Statistics,43,DS,27,,Is x > 0? (1) | x + 3| = 4x – 3 (2) | x – 3| = |2x – 3|
Topic 2 - Statistics,44,DS,27,,What is the value of |x|? (1) | x2 + 16| – 5 = 27 (2) x2 = 8x – 16
Topic 2 - Statistics,45,PS,27,,"If x > y, x² – 2xy + y² – 9 = 0, and x + y = 15, what is x? 3 6 12 18 9"
Topic 2 - Statistics,46,DS,27,,Is |n| < 1 ? (1) nx – n < 0 (2) x–1 = –2 47. Is 5 n < 0.04? (1) (1/5) n > 25 (2) n3 < n2 x...
Topic 2 - Statistics,48,DS,28,,What is the ratio of 2 x to 3y? (1) The ratio of x2 to y2 is equal to 36/25. (2) The ratio...
Topic 2 - Statistics,49,DS,28,,"If x and y are integers, does xyy–x = 1? (1) xx > y (2) x > yy"
Topic 2 - Statistics,50,DS,28,,"If a is nonnegative, is x2 + y2 > 4a? (1) ( x + y)2 = 9a (2) (x – y)2 = a"
Topic 2 - Statistics,51,DS,28,,"If k is a positive constant and y = |x – k| – |x + k|, what is the maximum value of y? (1)..."
Topic 2 - Statistics,52,DS,28,,"If x > 0, what is the least possible value for x + (1/x)? (A) 0.5 (B) 1 (C) 1.5 (D) 2 (E)..."
Topic 2 - Statistics,54,DS,28,,"Is xy + xy < xy ? (1) x 2 / y < 0 (2) x 9 (y3)3 < (x2)4 y8 55. w, x, y, and z are positive..."
Topic 2 - Statistics,56,PS,28,,Two missiles are launched simultaneously. Missile 1 launches at a speed of x miles per hou...
Topic 2 - Statistics,57,DS,28,,"8xy 3 + 8x3y = 2x2y2 / 2H3, What is xy? (1) y > x (2) x < 0"
Topic 2 - Statistics,58,PS,28,,"If ( a – b)c < 0, which of the following cannot be true? a < b c < 0 | c| < 1 ac > bc a 2..."
Topic 2 - Statistics,59,PS,28,,"If | ab| > ab, which of the following must be true? I. a < 0 II. b < 0 III. ab < 0 I only..."
Topic 2 - Statistics,60,DS,28,,"If b < c < d and c > 0, which of the following cannot be true if b, c and d are integers?..."
Topic 2 - Statistics,65,DS,28,,"If r is not equal to 0, is r2 / |r| < 1 (1) r > –1 (2) r < 1"
Topic 2 - Statistics,66,PS,28,,Which of the following sets includes ALL of the solutions of x that will satisfy the equat...
Topic 2 - Statistics,67,DS,29,,"If abc ≠ 0, what is the value of (a3 + b3 + c3) / abc? (1) |a|=1, |b|=2, |c|=3 (2) a + b +..."
Topic 2 - Statistics,68,PS,29,,"Given that w = |x| and x = 2 b – (830 + 85), which of the following values for b yields th..."
Topic 2 - Statistics,70,DS,29,,"w, x, y, and z are integers. If z > y > x > w, is |w| > x2 > |y| > z2? 1) wx > yz 2) zx >..."
Topic 2 - Statistics,74,DS,29,,What is the average of x and |y| ? (1) x + y = 20 (2) | x + y| = 20
Topic 2 - Statistics,75,DS,29,,"If x and y are nonzero integers, is (x–1 + y–1)–1 > [(x–1)(y–1)]–1 ? (1) x = 2y (2) x + y..."
Topic 2 - Statistics,76,PS,29,,Is p 2q > pq2? (1) pq < 0 p < 0
Topic 2 - Statistics,77,DS,29,,Is m > n ? (1) n – m + 2 > 0 (2) n – m – 2 > 0
Topic 2 - Statistics,78,DS,29,,Is 3 p > 2q ? (1) q = 2p (2) q > 0
Topic 2 - Statistics,79,DS,29,,Is mp greater than m? (1) m > p > 0 (2) p is less than 1 80. Is w less than y? (1) 1.3 < w...
Topic 2 - Statistics,82,PS,29,,If 500 is the multiple of 100 that is closest to X and 400 is the multiple of 100 that is...
Topic 2 - Statistics,83,PS,29,,Is the threeHdigit number n less than 550? 1). the product of the digits in n is 30 2). th...
Topic 2 - Statistics,84,PS,29,,"If X 4 + Y4=100, then the greatest possible value of X is between: A. 0 and 3 B. 3 and 6 C..."
Topic 2 - Statistics,85,PS,29,,Is 2XH3Y< X 2? 1). 2XH3Y=H2 2). X>2 and Y>0
Topic 2 - Statistics,86,PS,29,,Is m+z>0 1). mH3Z>0 2). 4zHm>0
Topic 2 - Statistics,87,PS,29,,"If X > Y 2 > Z4, which of the following statements could be true? I. X >Y> Z II. Z >Y >X I..."
Topic 2 - Statistics,88,PS,29,,Is X+Y <1 1). x <8/9 2).Y <1/8
Topic 2 - Statistics,89,PS,30,,"If y is an integer and y=x+|x|, is y=0? 1). x<0 2). y<1"
Topic 2 - Statistics,90,PS,30,,Is xHy+1 greater than x+yH1? 1) x>0 2) y<0
Topic 2 - Statistics,91,PS,30,,Is W greater than 1? 1). W + 2 > 0 2). W^2 > 1
Topic 2 - Statistics,92,PS,30,,"If n and p are integers, is p>0? 1). n+1>0 2). np>0"
Topic 2 - Statistics,93,PS,30,,"The number x and y are not integers, the value of x is closest to which integer? 1). 4 is..."
Topic 4 - Numbers,1,DS,31,,What is the sum of the digits of the positive integer n where n < 99? (1) n is divisible b...
Topic 4 - Numbers,2,DS,31,,"If x is a positive integer, is x! + (x + 1) a prime number? (1) x < 10 (2) x is even 3. Is..."
Topic 4 - Numbers,4,DS,31,,"If x is a prime number, what is the value of x? (1) 2x + 2 is the cube of a positive integ..."
Topic 4 - Numbers,5,PS,31,,"List K consists of 12 consecutive integers, if H4 is the least integer in list K, what is..."
Topic 4 - Numbers,6,PS,31,,"If m, r, x and y are positive, is the ratio of the m to r equal to the ratio of x to y? 1)..."
Topic 4 - Numbers,7,PS,31,,"If the integer a and n are greater than 1, and the product of the first 8 positive integer..."
Topic 4 - Numbers,8,PS,31,,"If x is the sum of six consecutive integers, then x is divisible by which of the following..."
Topic 4 - Numbers,9,PS,31,,"In a certain deck of cards, each card has a positive integer written on it. In a multiplic..."
Topic 4 - Numbers,10,PS,31,,"If p is a positive integer, what is the value of p? 1). p/4 is a prime number 2). p is div..."
Topic 4 - Numbers,11,PS,31,,The number 75 can be written as the sum of the squares of 3 different positive integers. W...
Topic 4 - Numbers,12,PS,31,,An integer greater than 1 that is not prime is called composite. If the twoHdigit integer...
Topic 4 - Numbers,13,PS,31,,"If n is a multiple of 5 and n= p 2q, where p and q are prime numbers, which of the followi..."
Topic 4 - Numbers,14,PS,31,,"On the number line shown, is zero halfway between r and s? HHHHrHHHH sHHHH tHHH 1). s is t..."
Topic 4 - Numbers,15,PS,31,,What is the sum of the first 10 prime numbers? 100 101 128 129 158
Topic 4 - Numbers,16,PS,32,,"On the number line, the segment from 0 to 1 has been divided into fifths, as indicated by..."
Topic 4 - Numbers,17,DS,32,,"For nonHzero integers a, b, c and d, is ab/cd positive? (1) ad + bc = 0 (2) abcd = H4"
Topic 4 - Numbers,18,PS,32,,Is the positive integer J divisible by a greater number of different prime numbers than th...
Topic 4 - Numbers,19,PS,32,,"If n is a positive integer and the product of all the integers from 1 to n, inclusive, is..."
Topic 4 - Numbers,20,PS,32,,For which of the following functions is f(a+b)=f(b)+f(a) for all positive numbers a and b?...
Topic 4 - Numbers,21,PS,32,,"The point A, B, C, and D are on the number line, not necessarily in the order. If the dist..."
Topic 4 - Numbers,22,PS,32,,A certain list consists of several different integers. Is the product of all the integers...
Topic 4 - Numbers,23,PS,32,,The sum of positive integers x and y is 77. What is the value of xy? 1). x=y+1 2). x and y...
Topic 4 - Numbers,24,PS,32,,"If there are more than two numbers in certain list, is each of the numbers in the list equ..."
Topic 4 - Numbers,25,PS,32,,For which of the following values of x is {1H[2H(x 1/2)]1/2}1/2 not defined as a real numb...
Topic 4 - Numbers,26,PS,32,,"For a finite sequence of nonzero numbers, the number of variations in sign is defined as t..."
Topic 4 - Numbers,27,PS,32,,"If xy +z =x(y+z), which of the following must be true? x=0 and z=0 x=1 and y=1 y=1 and z=0..."
Topic 4 - Numbers,28,PS,32,,"Symbol * denote to be one of the operations add, subtract, multiply, or divide. Is (6*2)*4..."
Topic 4 - Numbers,29,PS,32,,"If m and r are two numbers on a number line, what is the value of r? 1). The distance betw..."
Topic 4 - Numbers,31,DS,32,,"If w, y, and z are positive integers, and w = y – z, is w a perfect square? (1) y + z is a..."
Topic 4 - Numbers,1,DS,33,,Is z even? (1) z/2 is even. (2) 3 z is even.
Topic 4 - Numbers,2,DS,33,,"If m, n, and p are integers, is m + n odd? (1) m = p2 + 4p + 4 (2) n = p2 + 2m + 1"
Topic 4 - Numbers,3,DS,33,,"If a and b are both positive integers, is ba+1 – bab odd? (1) a + (a + 4) + (a – 8) + (a +..."
Topic 4 - Numbers,4,DS,33,,"Is the positive integer x odd? (1) x = y2 + 4y + 6, where y is a positive integer. (2) x =..."
Topic 4 - Numbers,6,DS,33,,"If x and y are positive integers and 3x + 5 < x + 11, is x a prime number? (1) The sum of..."
Topic 4 - Numbers,7,DS,33,,Is the positive integer p even? (1) p2 + p is even. (2) 4 p + 2 is even.
Topic 4 - Numbers,8,PS,33,,"If p and q are integers and p + q + p is odd, which of the following must be odd? p q p +..."
Topic 4 - Numbers,9,PS,33,,"If a , b, and c are integers and ab2 / c is a positive even integer, which of the followin..."
Topic 4 - Numbers,10,PS,33,,"If k and y are integers, and 10k + y is odd, which of the following must be true? k is odd..."
Topic 4 - Numbers,11,PS,33,,Each digit in the twoHdigit number G is halved to form a new twoHdigit number H. Which of...
Topic 4 - Numbers,12,PS,33,,"If a is an even integer and b is an odd integer, which of the following cannot be an even..."
Topic 4 - Numbers,13,PS,33,,"If x and y are prime integers and x < y, which of the following cannot be true? x is even..."
Topic 4 - Numbers,14,PS,33,,"If q, r, and s are consecutive even integers and q < r < s, which of the following CANNOT..."
Topic 4 - Numbers,15,DS,33,,n is an integer greater than or equal to 0. The sequence tn for n > 0 is defined as tn = t...
Topic 4 - Numbers,16,DS,33,,"y and z are nonzero integers, is the square of (y + z) even? (1) y – z is odd. (2) yz is e..."
Topic 4 - Numbers,17,PS,33,,"If x and y are positive integers, is the product xy even? 1). 5xH4y is even 2). 6x+7y is e..."
Topic 4 - Numbers,18,PS,33,,"If x and y are integers, is x (y+1) an even number? 1). x, and y are prime numbers. 2). y>..."
Topic 4 - Numbers,19,PS,34,,"For all positive integers m, (m) = 3m when m is odd and (m) = ½ m when m is even, which of..."
Topic 4 - Numbers,20,PS,34,,"If m and n are integers, is m odd? 1). m+n is odd 2). m+n =n 2 + 5"
Topic 4 - Numbers,21,PS,34,,"If c and d are integers, is C even? 1). c(d+1) is even 2). (c+2)(d+4) is even"
Topic 4 - Numbers,22,PS,34,,"If x is an integer, is (x 2+1)(x+5) an even number? 1). x is an odd number. 2). each prime..."
Topic 4 - Numbers,23,PS,34,,"If a is an even integer and b is an odd integer, which of the following cannot be an even..."
Topic 4 - Numbers,24,DS,34,,"If y and z are nonzero integers, is the square of (y + z) even? (1) y – z is odd. (2) yz i..."
Topic 4 - Numbers,25,PS,34,,"If x and y are prime integers and x < y, which of the following cannot be true? x is even..."
Topic 4 - Numbers,1,PS,34,,17 27 has a units digit of: 1 2 3 7 9
Topic 4 - Numbers,2,DS,34,,"If r, s, and t are all positive integers, what is the remainder of 2p / 10, if p = rst? (1..."
Topic 4 - Numbers,3,PS,34,,1 1+22+33+...+1010 is divided by 5. What is the remainder? (A) 0 (B) 1 (C) 2 (D) 3 (E) 4
Topic 4 - Numbers,4,PS,34,,"Given that p is a positive even integer with a positive units digit, if the units digit of..."
Topic 4 - Numbers,6,PS,34,,"If a and b are positive integers and x = 4a and y = 9b, which of the following is a possib..."
Topic 4 - Numbers,8,PS,34,,"If x is a positive integer, what is the remainder when 712x+3 + 3 is divided by 5? 0 1 2 3..."
Topic 4 - Numbers,9,DS,34,,"If x and y are positive integers and n = 5x + 7y + 15, what is the units digit of n? (1) y..."
Topic 4 - Numbers,10,PS,34,,What is the units digit of (71) 5(46)3(103)4 + (57)(1088)3 ? 0 1 2 3 4 11. If ( ) ( ) ( )...
Topic 4 - Numbers,12,PS,35,,What is the units digit of 177 28 – 13323? (A) 1 (B) 3 (C) 4 (D) 6 (E) 9
Topic 4 - Numbers,13,PS,35,,What is the greatest integer m for which the number 50! / 10 m is an integer? (A) 5 (B) 8...
Topic 4 - Numbers,14,PS,35,,How many terminating zeroes does 200! have? (A) 40 (B) 48 (C) 49 (D) 55 (E) 64
Topic 4 - Numbers,15,DS,35,,"If (243) x(463)y = n, where x and y are positive integers, what is the units digit of n? (..."
Topic 4 - Numbers,16,PS,35,,If y is divisible by the square of an even prime number and x is the actual square of an e...
Topic 4 - Numbers,17,DS,35,,"If x is a positive integer, what is the units digit of x2? (1) The units digit of x4 is 1...."
Topic 4 - Numbers,1,DS,35,,"In the number 1.4 ab5, a and b represent single positive digits. If x = 1.4ab5, what is th..."
Topic 4 - Numbers,2,DS,35,,"If a, b, c, d and e are integers and p = 2a 3b and q = 2c 3d 5e, is p/q a terminating deci..."
Topic 4 - Numbers,3,DS,35,,"If the fraction d were converted into a decimal, would there be more than 3 nonzero digits..."
Topic 4 - Numbers,6,DS,35,,If d represents the hundredths digit and e represents the thousandths digit in the decimal...
Topic 4 - Numbers,7,PS,35,,Is the hundredth digit of decimal d greater than 5? 1). The tenth digit of 10d is 7 2). Th...
Topic 4 - Numbers,8,PS,35,,"The value of x is derived by summing a, b, and c and then rounding the result to the tenth..."
Topic 4 - Numbers,9,DS,35,,What is the value of the tenths digit of number x? (1) The hundredths digit of x is 5 (2)...
Topic 4 - Numbers,10,DS,35,,"If x and y each represent a single digit, does the number 8.3xy round to 8.3 when it is ro..."
Topic 4 - Numbers,12,DS,36,,"If the fraction d were converted into a decimal, would there be more than 3 nonzero digits..."
Topic 4 - Numbers,13,DS,36,,"d = 83,521,y73/441,682,36y In the expression above, the letter y represents a single digit..."
Topic 4 - Numbers,1,PS,36,,"If integer k is equal to the sum of all even multiples of 15 between 295 and 615, what is..."
Topic 4 - Numbers,2,PS,36,,"If S is the infinite sequence S 1 = 6, S2 = 12, ..., Sn = SnH1 + 6,..., what is the sum of..."
Topic 4 - Numbers,3,PS,36,,"In an increasing sequence of 5 consecutive even integers, the sum of the second, third, an..."
Topic 4 - Numbers,4,PS,36,,"What is the sum of the multiples of 7 from 84 to 140, inclusive? 896 963 1008 1792 2016"
Topic 4 - Numbers,5,DS,36,,"In a sequence of terms in which each term is three times the previous term, what is the fo..."
Topic 4 - Numbers,6,PS,36,,If each term in the sum a1 + a2 + a3 + ... +an is either 7 or 77 and the sum is equal to 3...
Topic 4 - Numbers,7,PS,36,,2+2+2 2+23+24+25+26+27+28=?
Topic 4 - Numbers,8,PS,36,,"For any integer k from 1 to 10, inclusive, the kth of a certain sequence is given by [(H1)..."
Topic 4 - Numbers,9,DS,36,,"Sequence A is defined by the equation An = 3n + 7, where n is an integer greater than or e..."
Topic 4 - Numbers,10,PS,36,,"S is the infinite sequence S1 = 2, S2 = 22, S3 = 222,...Sk = Sk–1 + 2(10k–1). If p is the..."
Topic 4 - Numbers,11,PS,36,,"Sequence S is defined as Sn = 2SnH1 – 2. If S1 = 3, then S10 – S9 = 2 120 128 250 256"
Topic 4 - Numbers,12,PS,36,,"Sn = 2SnH1 + 4 and Qn = 4QnH1 + 8 for all n > 1. If S5 = Q4 and S7 = 316, what is the firs..."
Topic 4 - Numbers,13,PS,36,,"What is the sixtieth term in the following sequence? 1, 2, 4, 7, 11, 16, 22... (A) 1,671 (..."
Topic 4 - Numbers,14,PS,37,,"Sequence S is defined as Sn = X + (1/X), where X = Sn – 1 + 1, for all n > 1. If S1= 201,..."
Topic 4 - Numbers,15,PS,37,,"In a certain sequence, every term after the first is determined by multiplying the previou..."
Topic 4 - Numbers,16,PS,37,,The sum of the squares of the first 15 positive integers (1 2 + 22 + 32 + . . . + 152) is...
Topic 4 - Numbers,17,DS,37,,"Given a series of n consecutive positive integers, where n > 1, is the average value of th..."
Topic 4 - Numbers,18,PS,37,,"A certain series is defined by the following recursive rule: S n = k (Sn – 1), where k is..."
Topic 4 - Numbers,19,PS,37,,"The infinite sequence Sk is defined as Sk = 10 Sk – 1 + k, for all k > 1. The infinite seq..."
Topic 4 - Numbers,20,PS,37,,A certain club has exactly 5 new members at the end of its first week. Every subsequent we...
Topic 4 - Numbers,21,PS,37,,36 2 + 372 + 382 + 392 + 402 + 412 + 422 + 432 + 442 = (A) 14400 (B) 14440 (C) 14460 (D) 1...
Topic 4 - Numbers,22,PS,37,,A certain established organization has exactly 4096 members. A certain new organization ha...
Topic 4 - Numbers,24,PS,37,,If the expression extends to an infinite number of roots and converges to a positive numbe...
Topic 4 - Numbers,25,PS,37,,"What is the sum of the even integers between 200 and 400, inclusive? 29,700 30,000 30,300..."
Topic 4 - Numbers,27,PS,38,,The sequence f(n) = (2n)! ÷ n! is defined for all positive integer values of n. If x is de...
Topic 4 - Numbers,1,PS,38,,"When the positive integer x is divided by 9, the remainder is 5. What is the remainder whe..."
Topic 4 - Numbers,2,PS,38,,If ( x # y) represents the remainder that results when the positive integer x is divided b...
Topic 4 - Numbers,3,PS,38,,"If k and x are positive integers and x is divisible by 6, which of the following CANNOT be..."
Topic 4 - Numbers,4,PS,38,,10 25 – 560 is divisible by all of the following EXCEPT: 11 8 5 4 3
Topic 4 - Numbers,5,PS,38,,"x , y, a, and b are positive integers. When x is divided by y, the remainder is 6. When a..."
Topic 4 - Numbers,6,DS,38,,"In order to play a certain game, 24 players must be split into n teams, with each team hav..."
Topic 4 - Numbers,7,DS,38,,"When the positive integer x is divided by 4, is the remainder equal to 3? (1) When x/3 is..."
Topic 4 - Numbers,8,DS,38,,"Seven integers, x1, x2, x3, x4, x5, x6, and x7, are picked at random from the set of all i..."
Topic 4 - Numbers,9,DS,38,,"When the integer x is divided by the integer y, the remainder is 60. Which of the followin..."
Topic 4 - Numbers,11,DS,38,,Five consecutive positive integers are chosen at random. If the average of the five intege...
Topic 4 - Numbers,12,DS,38,,Can a batch of identical cookies be split evenly between Laurel and Jean without leftovers...
Topic 4 - Numbers,14,DS,39,,"If a and b are both singleHdigit positive integers, is a + b a multiple of 3? (1) The twoH..."
Topic 4 - Numbers,15,PS,39,,The ratio of cupcakes to children at a particular birthday party is 104 to 7. Each child a...
Topic 4 - Numbers,16,PS,39,,"When the positive integer x is divided by 11, the quotient is y and the remainder 3. When..."
Topic 4 - Numbers,17,PS,39,,"x is a positive number. If 9 x + 9x+1 + 9x+2 + 9x+3 + 9x+4 + 9x+5 = y, is y divisible by 5..."
Topic 4 - Numbers,18,PS,39,,A group of n students can be divided into equal groups of 4 with 1 student left over or eq...
Topic 4 - Numbers,19,PS,39,,"When x is divided by 4, the quotient is y and the remainder is 1. When x is divided by 7,..."
Topic 4 - Numbers,20,PS,39,,"If n is an integer and n4 is divisible by 32, which of the following could be the remainde..."
Topic 4 - Numbers,21,PS,39,,"x1 and x2 are each positive integers. When x1 is divided by 3, the remainder is 1, and whe..."
Topic 4 - Numbers,22,DS,39,,"Is x the square of an integer? (1) x = 12k + 6, where k is a positive integer (2) x = 3q +..."
Topic 4 - Numbers,24,DS,39,,"If n is a positive integer, is n2 – 1 divisible by 24? (1) n is a prime number (2) n is gr..."
Topic 4 - Numbers,25,PS,39,,The sum of all the digits of the positive integer q is equal to the threeHdigit number x13...
Topic 4 - Numbers,26,DS,39,,Given that n is an integer; is n – 1 divisible by 3? (1) n2 + n is not divisible by 3 (2)...
Topic 4 - Numbers,28,DS,40,,"If m and n are nonzero integers, is m/n an integer? (1) 2m is divisible by n (2) m is divi..."
Topic 4 - Numbers,29,PS,40,,"If positive integer n is divisible by both 4 and 21, then n must be divisible by which of..."
Topic 4 - Numbers,30,PS,40,,Susie can buy apples from two stores: a supermarket that sells apples only in bundles of 4...
Topic 4 - Numbers,31,PS,40,,Each of the following numbers has a remainder of 2 when divided by 11 except: 2 13 24 57 1...
Topic 4 - Numbers,32,PS,40,,"When positive integer n is divided by 3, the remainder is 2; and when positive integer t i..."
Topic 4 - Numbers,33,PS,40,,"If n is a positive integer and r is the remainder when (nH1)(n+1) is divided by 24, what i..."
Topic 4 - Numbers,34,PS,40,,"If n is a positive integer and r is the remainder when n 2 H 1 is divided by 8, what is th..."
Topic 4 - Numbers,35,PS,40,,"If n is a positive integer and r is the remainder when 4+7n is divided by 3, what is the v..."
Topic 4 - Numbers,36,PS,40,,"If r is the remainder when integer n is divided by 7, what is the value of r? 1). When n i..."
Topic 4 - Numbers,37,PS,40,,What is the remainder when the positive integer x is divided by 6? 1). When x is divided b...
Topic 4 - Numbers,38,PS,40,,"When the positive integer x is divided by 11, the quotient is y and the remainder 3. When..."
Topic 4 - Numbers,39,PS,40,,"When x is divided by 4, the quotient is y and the remainder is 1. When x is divided by 7,..."
Topic 4 - Numbers,1,PS,40,,"If n is a nonHnegative integer such that 12n is a divisor of 3,176,793, what is the value..."
Topic 4 - Numbers,2,PS,40,,"If the square root of p2 is an integer, which of the following must be true? I. p2 has an..."
Topic 4 - Numbers,3,PS,40,,"The greatest common factor of 16 and the positive integer n is 4, and the greatest common..."
Topic 4 - Numbers,4,DS,40,,"If x is a positive integer, is x – 1 a factor of 104? (1) x is divisible by 3. (2) 27 is d..."
Topic 4 - Numbers,5,PS,40,,How many factors does 36 2 have? 2 8 24 25 26
Topic 4 - Numbers,6,PS,41,,"In a certain game, a large bag is filled with blue, green, purple and red chips worth 1, 5..."
Topic 4 - Numbers,7,PS,41,,"For any integer k > 1, the term “length of an integer” refers to the number of positive pr..."
Topic 4 - Numbers,9,DS,41,,"If a and b are positive integers divisible by 6, is 6 the greatest common divisor of a and..."
Topic 4 - Numbers,10,PS,41,,"a, b, and c are positive integers. If a, b, and c are assembled into the sixHdigit number..."
Topic 4 - Numbers,11,PS,41,,"If x and y are positive integers, which of the following CANNOT be the greatest common div..."
Topic 4 - Numbers,12,DS,41,,"If P, Q, R, and S are positive integers, and P/Q = R/S, is R divisible by 5 ? (1) P is div..."
Topic 4 - Numbers,13,DS,41,,"For any four digit number, abcd, *abcd*= (3a)(5b)(7c)(11d). What is the value of (n – m) i..."
Topic 4 - Numbers,15,DS,41,,A restaurant pays a seafood distributor d dollars for 6 pounds of Maine lobster. Each poun...
Topic 4 - Numbers,17,DS,41,,"The function f(n) = the number of factors of n. If f(pq) = 4, what is the value of the int..."
Topic 4 - Numbers,18,DS,41,,"If x, y, and z are positive integers such that x < y < z, is x a factor of the odd integer..."
Topic 4 - Numbers,19,DS,41,,What is the positive integer n? (1) The sum of all of the positive factors of n that are l...
Topic 4 - Numbers,20,DS,41,,"If p3 is divisible by 80, then the positive integer p must have at least how many distinct..."
Topic 4 - Numbers,22,DS,42,,"What is the positive integer n? (1) For every positive integer m, the product m(m + 1)(m +..."
Topic 4 - Numbers,23,DS,42,,What is the greatest common factor of positive integers a and b? (1) a = b + 4 (2) b/4 is...
Topic 4 - Numbers,24,PS,42,,Which of the following is the lowest positive integer that is divisible by the first 7 pos...
Topic 4 - Numbers,25,DS,42,,What is the value of the integer n? (1) n! = n × (n – 1)! (2) n 3 + 3n2 + 2n is divisible...
Topic 4 - Numbers,27,PS,42,,"K and L are each fourHdigit positive integers with thousands, hundreds, tens, and units di..."
Topic 4 - Numbers,28,PS,42,,"How many numbers that are not divisible by 6 divide evenly into 264,600? (A) 9 (B) 36 (C)..."
Topic 4 - Numbers,29,DS,42,,"If n2 / n yields an integer greater than 0, is n divisible by 30? (1) n2 is divisible by 2..."
Topic 4 - Numbers,30,DS,42,,"If a and b are consecutive positive integers, and ab = 30x is x a nonHinteger? (1) a2 is d..."
Topic 4 - Numbers,31,DS,42,,. Is B divisible by 2? (1) C = 168 (2) A is a perfect square
Topic 4 - Numbers,32,PS,42,,"If the prime factorization of the integer q can be expressed as , where a, b, c, and x are..."
Topic 4 - Numbers,33,PS,42,,"Which of the following is the lowest positive integer that is divisible by 8, 9, 10, 11, a..."
Topic 4 - Numbers,34,DS,42,,"If x is a positive integer, is x prime? (1) x has the same number of factors as y2, where..."
Topic 4 - Numbers,35,PS,42,,"h(n) is the product of the even numbers from 2 to n, inclusive, and p is the least prime f..."
Topic 4 - Numbers,36,PS,42,,"If d is positive integer, f is the product of the first 30 positive integers, what is the..."
Topic 4 - Numbers,37,PS,42,,Does the integer k have a factor p such that 1<p<k? 1). k>4! 2). 13!+2<= k<=13!+13
Topic 4 - Numbers,38,PS,42,,"If x and y are integers greater than 1, is x a multiple of y? 1). 3y2+7y=x 2). x 2Hx is a..."
Topic 4 - Numbers,39,PS,43,,The function f is defined for all positive integers n by the following rule. f(n) is the n...
Topic 4 - Numbers,40,PS,43,,"In the fraction x/y, where x and y are positive integers, what is the value of y? 1). The..."
Topic 4 - Numbers,41,PS,43,,"For any positive integer n, the length of n is defined as number of prime factors whose pr..."
Topic 4 - Numbers,42,PS,43,,"If n and t are positive integers, what is the greatest prime factor of nt? 1). The greates..."
Topic 4 - Numbers,43,PS,43,,"If n is a positive integer less than 200 and 14n/60 is an integer, then n has how many dif..."
Topic 4 - Numbers,44,PS,43,,"The positive integers x, y and z are such that x is a factor of y and y is a factor of z...."
Topic 4 - Numbers,45,PS,43,,"If k is a positive integer, then 20k is divisible by how many different positive integers?..."
Topic 4 - Numbers,46,PS,43,,"x and y are positive integers such that x=8y+12, what is the greatest common divisor of x..."
Topic 4 - Numbers,47,PS,43,,What is the greatest prime factor of 4 17 H 228?
Topic 4 - Numbers,48,PS,43,,How many different prime numbers are factors of the positive integer n? 1). four different...
Topic 4 - Numbers,49,DS,43,,What is the greatest common factor of positive integers a and b? (1) a = b + 4 (2) b/4 is...
Topic 4 - Numbers,50,PS,43,,Which of the following is the lowest positive integer that is divisible by the first 7 pos...
Topic 4 - Numbers,1,PS,43,,"x is the sum of y consecutive integers. w is the sum of z consecutive integers. If y = 2z,..."
Topic 4 - Numbers,2,DS,43,,"For positive integer k, is the expression (k + 2)(k2 + 4k + 3) divisible by 4? (1) k is di..."
Topic 4 - Numbers,3,PS,43,,"If x is an integer, then x(x – 1)( x – k) must be evenly divisible by three when k is any..."
Topic 4 - Numbers,4,DS,43,,The sum of n consecutive positive integers is 45. What is the value of n? (1) n is even (2...
Topic 4 - Numbers,5,DS,43,,Is positive integer n – 1 a multiple of 3? (1) n3 – n is a multiple of 3 (2) n3 + 2n2+ n i...
Topic 4 - Numbers,6,PS,44,,"a, b, c, and d are consecutive integers and a < b < c < d. If the product of b, c, and d i..."
Topic 4 - Numbers,8,PS,44,,"How many integers are there between 51 and 107, inclusive? 51 55 56 57 58"
Topic 4 - Numbers,9,DS,44,,"If x, y, and z are 3 positive consecutive integers such that x < y < z, what is the remain..."
Topic 4 - Numbers,4,DS,44,,"If the sum of the digits of the positive twoHdigit number x is 4, what is the value of x?..."
Topic 4 - Numbers,7,PS,45,,"For any four digit number, abcd, *abcd*= (3a)(5b)(7c)(11d). What is the value of (n – m) i..."
Topic 4 - Numbers,8,DS,45,,"What is the threeHdigit number abc, given that a, b, and c are the positive single digits..."
Topic 4 - Numbers,9,PS,45,,What is the value of the threeHdigit number SSS if SSS is the sum of the threeHdigit numbe...
Topic 4 - Numbers,10,PS,45,,"If the 4 x 4 grid pictured at right is filled with the consecutive integers from 37 to 52,..."
Topic 5 - Geometry,1,PS,46,,What is the value of a + b? 30 50 55 65 90
Topic 5 - Geometry,2,DS,46,,"If l1 is parallel to l2, what is x + 2y? 90 120 180 270 360 3. What is the value of x? (1)..."
Topic 5 - Geometry,4,PS,46,,What is the value of a + b + c + d + e + f? 180 270 300 360 720
Topic 5 - Geometry,5,PS,47,,"If x – q = s – y, what is the value of z? 1) xq + sy + sx + yq = zr 2) zq – ry = rx – zs"
Topic 5 - Geometry,6,PS,47,,"In the figure, point D divides side BC of triangle ABC into segments BD and DC of lengths..."
Topic 5 - Geometry,7,DS,47,,What is the degree measure of angle a? (1) b + c = 287 degrees (2) d + e = 269 degrees Top...
Topic 5 - Geometry,1,PS,47,,"In triangle ABC, if BC = 3 and AC = 4, then what is the length of segment CD? 3 15/4 5 16/..."
Topic 5 - Geometry,2,PS,48,,"The figure is comprised of three squares and a triangle. If the areas marked X, Y and Z ar..."
Topic 5 - Geometry,3,DS,48,,"If angle BAD is a right angle, what is the length of side BD? (1) AC is perpendicular to B..."
Topic 5 - Geometry,4,DS,48,,What is the length of segment BC? (1) Angle ABC is 90 degrees. (2) The area of the triangl...
Topic 5 - Geometry,5,DS,48,,What is the perimeter of isosceles triangle ABC? (1) The length of side AB is 9 (2) The le...
Topic 5 - Geometry,6,PS,48,,The figure is made up of a series of inscribed equilateral triangles. If the pattern conti...
Topic 5 - Geometry,7,DS,49,,"Given that ABCD is a rectangle, is the area of triangle ABE > 25? (Note: Figure above is n..."
Topic 5 - Geometry,8,PS,49,,"In the figure, AC = 3, CE = x, and BC is parallel to DE. If the area of triangle ABC is 1/..."
Topic 5 - Geometry,9,PS,49,,"Triangle A has one side of length x. If √(x8) = 81, what is the perimeter of Triangle A? 1..."
Topic 5 - Geometry,10,DS,49,,"If AD is 6√3, and ADC is a right angle, what is the area of triangular region ABC? (1) Ang..."
Topic 5 - Geometry,11,PS,50,,"If BE || CD, and BC = AB = 3, AE = 4 and CD = 10, what is the area of trapezoid BEDC? 12 1..."
Topic 5 - Geometry,12,DS,50,,"If the length of side AB is 17, is triangle ABC a right triangle? (1) The length of side B..."
Topic 5 - Geometry,13,DS,50,,"In the figure, if point C is the center of the circle and DB = 7, what is the length of DE..."
Topic 5 - Geometry,14,DS,50,,The area of the right triangle ABC is 4 times greater than the area of the right triangle...
Topic 5 - Geometry,15,PS,50,,"In the diagram, triangle PQR has a right angle at Q and a perimeter of 60. Line segment QS..."
Topic 5 - Geometry,16,DS,51,,"If CD is the diameter of the circle, does x equal 30? (1) The length of CD is twice the le..."
Topic 5 - Geometry,17,DS,51,,"In the diagram, what is the length of AB? (1) BE = 3 (2) DE = 4"
Topic 5 - Geometry,18,PS,51,,Which of the following is a possible length for side AB of triangle ABC if AC = 6 and BC =...
Topic 5 - Geometry,19,DS,51,,"For the triangle shown, where A, B and C are all points on a circle, and line segment AB h..."
Topic 5 - Geometry,20,PS,51,,"The perimeter of a certain isosceles right triangle is 16+16√2, what is the length of the..."
Topic 5 - Geometry,1,DS,51,,Is quadrilateral ABCD a rectangle? (1) Line segments AC and BD bisect one another. (2) Ang...
Topic 5 - Geometry,2,DS,51,,Is quadrilateral ABCD a rhombus? (1) Line segments AC and BD are perpendicular bisectors o...
Topic 5 - Geometry,3,DS,51,,Is quadrilateral ABCD a square? (1) ABCD is a rectangle. (2) AB = BC
Topic 5 - Geometry,4,DS,51,,Rectangle ABCD is inscribed in circle P. What is the area of circle P? (1) The area of rec...
Topic 5 - Geometry,5,PS,52,,"If triangle ABD is an equilateral triangle and AB = 6 and CE = 18, what fraction of the tr..."
Topic 5 - Geometry,6,DS,52,,"In the picture, quadrilateral ABCD is a parallelogram and quadrilateral DEFG is a rectangl..."
Topic 5 - Geometry,7,DS,52,,What is the area of the trapezoid shown? (1) Angle A = 120 degrees (2) The perimeter of tr...
Topic 5 - Geometry,8,PS,52,,The height of isosceles trapezoid ABDC is 12 units. The length of diagonal AD is 15 units....
Topic 5 - Geometry,9,PS,53,,The combined area of the two black squares is equal to 1000 square units. A side of the la...
Topic 5 - Geometry,10,DS,53,,Jeff is painting two murals on the front of an old apartment building that he is renovatin...
Topic 5 - Geometry,11,DS,53,,"In the quadrilateral PQRS, side PS is parallel to side QR. Is PQRS a parallelogram? (1) PS..."
Topic 5 - Geometry,12,DS,53,,"E, F, G, and H are the vertices of a polygon. Is polygon EFGH a square? (1) EFGH is a para..."
Topic 5 - Geometry,13,DS,53,,"What is the area of the quadrilateral with vertices A, B, C, and D? (1) The perimeter of A..."
Topic 5 - Geometry,14,PS,53,,The perimeter of a rectangular yard is completely surrounded by a fence that measures 40 m...
Topic 5 - Geometry,15,DS,53,,Square ABCD has an area of 9 square inches. Sides AD and BC are lengthened to x inches eac...
Topic 5 - Geometry,16,PS,53,,"In the rhombus ABCD, the length of diagonal BD is 6 and the length of diagonal AC is 8. Wh..."
Topic 5 - Geometry,17,PS,54,,Is the measure of one of the interior angles of quadrilateral ABCD equal to 60 degrees? 1)...
Topic 5 - Geometry,1,PS,54,,"If P, Q and R are the centers of circles P, Q, and R and the points P, Q, R and T all lie..."
Topic 5 - Geometry,2,PS,54,,"If 1/a 2 + a2 represents the diameter of circle O and 1/a + a = 3, which of the following..."
Topic 5 - Geometry,3,DS,54,,"A car is being driven on a road. Assuming that the car's wheels turn without slipping, how..."
Topic 5 - Geometry,4,PS,54,,Two circular road signs are to be painted yellow. If the radius of the larger sign is twic...
Topic 5 - Geometry,5,PS,54,,The figure represents five concentric quarterHcircles. The length of the radius of the lar...
Topic 5 - Geometry,6,PS,54,,"In the diagram (not drawn to scale), Sector PQ is a quarterHcircle. The distance from A to..."
Topic 5 - Geometry,7,PS,55,,A circular gear with a diameter of 24 centimeters is mounted directly on another circular...
Topic 5 - Geometry,9,DS,55,,"For a circle with center point P, cord XY is the perpendicular bisector of radius AP (A is..."
Topic 5 - Geometry,10,PS,55,,ABCD is a square inscribed in a circle and arc ADC has a length of π√x. If a dart is throw...
Topic 5 - Geometry,11,PS,55,,"Figure ABCD is a square with sides of length x. Arcs AB, AD, BC, and DC are all semicircle..."
Topic 5 - Geometry,12,DS,56,,"In the figure, a small circle with radius r intersects a larger circle with radius R (wher..."
Topic 5 - Geometry,13,DS,56,,"If CD is the diameter of the circle, does x equal 30? (1) The length of CD is twice the le..."
Topic 5 - Geometry,14,PS,56,,"Two circles share a center at point C, as shown. Segment AC is broken up into two shorter..."
Topic 5 - Geometry,15,PS,56,,The length of minor arc AB is twice the length of minor arc BC and the length of minor arc...
Topic 5 - Geometry,16,DS,57,,What is the radius of the circle shown? (1) The measure of arc PQ is 4 . (2) The center of...
Topic 5 - Geometry,17,PS,57,,A cylindrical tank has a base with a circumference of meters and an equilateral triangle p...
Topic 5 - Geometry,18,PS,57,,"In the figure, circle O has center O, diameter AB and a radius of 5. Line CD is parallel t..."
Topic 5 - Geometry,19,PS,57,,The figure shows the top side of a circular medallion made of a circular piece of colored...
Topic 5 - Geometry,20,PS,57,,A thin piece of wire 40 meters long is cut into two pieces. One piece is used to form a ci...
Topic 5 - Geometry,1,DS,57,,"A certain game board is in the shape of a nonHconvex polygon, with spokes that extend from..."
Topic 5 - Geometry,2,PS,57,,The measures of the interior angles in a polygon are consecutive integers. The smallest an...
Topic 5 - Geometry,3,PS,58,,If x represents the sum of the interior angles of a regular hexagon and y represents the s...
Topic 5 - Geometry,4,DS,58,,"If Polygon X has fewer than 9 sides, how many sides does Polygon X have? (1) The sum of th..."
Topic 5 - Geometry,5,PS,58,,Regular hexagon ABCDEF has a perimeter of 36. O is the center of the hexagon and of circle...
Topic 5 - Geometry,1,PS,58,,"Four spheres and three cubes are arranged in a line according to increasing volume, with n..."
Topic 5 - Geometry,2,PS,58,,"At 7:57 am, Flight 501 is at an altitude of 6 miles above the ground and is on a direct ap..."
Topic 5 - Geometry,3,PS,58,,What is the ratio of the surface area of a cube to the surface area of a rectangular solid...
Topic 5 - Geometry,4,PS,58,,A sphere is inscribed in a cube with an edge of 10. What is the shortest possible distance...
Topic 5 - Geometry,5,PS,58,,"If the box shown is a cube, then the difference in length between line segment BC and line..."
Topic 5 - Geometry,1,PS,59,,A cylindrical tank of radius R and height H must be redesigned to hold approximately twice...
Topic 5 - Geometry,2,PS,59,,"Cylinder A, which has a radius of x and a height of y, has a greater surface area than doe..."
Topic 5 - Geometry,3,DS,59,,A right circular cylinder has a radius r and a height h. What is the surface area of the c...
Topic 5 - Geometry,4,DS,59,,"A cylindrical tank, with radius and height both of 10 feet, is to be redesigned as a cone,..."
Topic 5 - Geometry,5,PS,59,,The figure represents a deflated tire (6 inches wide as shown) with a hub (the center circ...
Topic 5 - Geometry,6,DS,59,,"The contents of one full cylindrical silo are to be transferred to another, larger cylindr..."
Topic 5 - Geometry,8,PS,59,,A 10HbyH6 inch piece of paper is used to form the lateral surface of a cylinder. If the en...
Topic 5 - Geometry,7,PS,59,,"When a cylindrical tank is fille d with water at a rate of 22 cubic meters per hour, the l..."
Topic 6 - Co-ordinate Geometry,1,DS,60,,"If ab ≠ 0 and points (–a,b) and (–b,a) are in the same quadrant of the xy–plane, is point..."
Topic 6 - Co-ordinate Geometry,2,DS,60,,"In the xy–plane, at what two points does the graph of y = (x+a)(x+b) intersect the x–axis?..."
Topic 6 - Co-ordinate Geometry,3,PS,60,,"For any triangle T in the xy–coordinate plan, the center of T is defined to be the point w..."
Topic 6 - Co-ordinate Geometry,4,DS,60,,Circle C and line k lie in the xy–plane. if circle C is centered at the origin and has rad...
Topic 6 - Co-ordinate Geometry,5,DS,60,,"In the rectangular coordinate system, are the points (r,s) and (u,v) equidistant from the..."
Topic 6 - Co-ordinate Geometry,6,DS,60,,"In the x–y plane, what is the y–intercept of the line l? (1) The slope of the line l is 3..."
Topic 6 - Co-ordinate Geometry,7,PS,60,,"In the figure shown, point P (–√3, 1) and Q (s, t) lie on the circle with center O. What i..."
Topic 6 - Co-ordinate Geometry,8,PS,60,,"In the xy–plane, line k has positive slope and x–intercept 4. If the area of the triangle..."
Topic 6 - Co-ordinate Geometry,9,PS,60,,Line l is defined by the equation y – 5x = 4 and line w is defined by the equation 10y + 2...
Topic 6 - Co-ordinate Geometry,10,PS,61,,In the rectangular coordinate plane points X and Z lie on the same line through the origin...
Topic 6 - Co-ordinate Geometry,11,PS,61,,"In the xyHcoordinate system, what is the slope of the line that goes through the origin an..."
Topic 6 - Co-ordinate Geometry,12,PS,61,,What is the slope of the line represented by the equation x + 2y = 1? H3/2 H1 H1/2 0 ½
Topic 6 - Co-ordinate Geometry,13,PS,61,,A certain square is to be drawn on a coordinate plane. One of the vertices must be on the...
Topic 6 - Co-ordinate Geometry,14,DS,61,,"Does the equation y = (x – p)(x – q) intercept the xHaxis at the point (2,0)? (1) pq = H8..."
Topic 6 - Co-ordinate Geometry,15,DS,61,,Does line S intersect line segment QR? (1) The equation of line S is y = Hx + 4. (2) The s...
Topic 6 - Co-ordinate Geometry,16,PS,61,,"Line L contains the points (2,3) and (p,q). If q = 2, which of the following could be the..."
Topic 6 - Co-ordinate Geometry,17,DS,61,,"Point K = (A,0), Point G = ( )9 2 , 4 2+ +A A . Is the distance between point K and G prim..."
Topic 6 - Co-ordinate Geometry,18,PS,61,,"The ( x, y) coordinates of points P and Q are (H2, 9) and (H7, H3), respectively. The heig..."
Topic 6 - Co-ordinate Geometry,19,DS,61,,"If points A and B are on the yHaxis in the figure, what is the area of equilateral triangl..."
Topic 6 - Co-ordinate Geometry,20,PS,62,,The line 3 x + 4y = 8 passes through all of the quadrants in the coordinate plane except:...
Topic 6 - Co-ordinate Geometry,21,DS,62,,"If p and q are nonzero numbers, and p is not equal to q, in which quadrant of the coordina..."
Topic 6 - Co-ordinate Geometry,22,PS,62,,"The coordinates of points A and C are (0, H3) and (3, 3), respectively. If point B lies on..."
Topic 6 - Co-ordinate Geometry,23,PS,62,,"In the xyHcoordinate system, rectangle ABCD is inscribed within a circle having the equati..."
Topic 6 - Co-ordinate Geometry,24,PS,62,,The line represented by the equation y = 4 – 2x is the perpendicular bisector of line segm...
Topic 6 - Co-ordinate Geometry,25,PS,62,,A certain computer program randomly generates equations of lines in the form y = mx + b. I...
Topic 6 - Co-ordinate Geometry,26,PS,62,,"In the rectangular coordinate system, a line passes through the points (0,5) and (7,0). Wh..."
Topic 6 - Co-ordinate Geometry,27,PS,62,,Which of the following equations represents a line that is perpendicular to the line descr...
Topic 6 - Co-ordinate Geometry,28,PS,62,,"How many units long is the straight line segment that connects the points (H1,1) and (2,6)..."
Topic 6 - Co-ordinate Geometry,29,DS,62,,"In the rectangular coordinate system, lines m and n cross at the origin. Is line m perpend..."
Topic 6 - Co-ordinate Geometry,30,PS,63,,"Line A is drawn on a rectangular coordinate plane. If the coordinate pairs (3, 2) and (H1,..."
Topic 6 - Co-ordinate Geometry,31,PS,63,,Draw the following graphs (approximate shape) a. x2 + 3x – 4 = 0 b. 2x2 – 4x – 3 = 0 c. x(...
Topic 7 - Permutations and Combinations,1,PS,64,"4 !, 11 ! / 2 ! * 2 ! * 2 !",How many different anagrams can you make for the word GMAT? How many different anagrams ca...
Topic 7 - Permutations and Combinations,2,PS,64,7P4,"If there are 7 people and only 4 chairs in a room, how many different seating arrangements..."
Topic 7 - Permutations and Combinations,3,PS,64,4P2 + 4P3 + 4P4,"A man wants to visit at least two of the four cities A, B, C and D. How many travel itiner..."
Topic 7 - Permutations and Combinations,4,PS,64,4 ! / 2 !,"There are 2 black balls, one red ball and one green ball, identical in shape and size. How..."
Topic 7 - Permutations and Combinations,5,PS,64,10P2 + 10P3,"From a list of 10 songs, a DJ has to play either 2 or 3 songs. What is the total number of..."
Topic 7 - Permutations and Combinations,6,PS,64,(10P8 + 10P9 + 10P10) × 12 seconds,A password contains at least 8 distinct digits. It takes 12 seconds to try one combination...
Topic 7 - Permutations and Combinations,7,PS,64,6! – 5! × 2!,"Greg, Marcia, Peter, Jan, Bobby and Cindy go to a movie and sit next to each other in 6 ad..."
Topic 7 - Permutations and Combinations,8,PS,64,7C4,"If a team of 4 people is to be chosen from 7 people in a room, how many different teams ar..."
Topic 7 - Permutations and Combinations,9,PS,64,12C9,"In a college, 8 students play at the State level and 10 at the National level. If 6 studen..."
Topic 7 - Permutations and Combinations,10,PS,64,2C1 × 3C1 × (7C4 – 5C2),"An engagement team consists of a project manager, team leader, and four consultants. There..."
Topic 7 - Permutations and Combinations,11,PS,64,(5C3 – 3C1) × 3!,"In how many ways can 3 letters out of five distinct 5 distinct letters A, B, C, D and E be..."
Topic 7 - Permutations and Combinations,12,PS,64,(4! / 2!) × 2!,"A nickel, a dime, and two identical quarters are arranged along a side of a table. If the..."
Topic 7 - Permutations and Combinations,13,PS,64,7C3,"At a certain laboratory, chemical substances are identified by an unordered combination of..."
Topic 7 - Permutations and Combinations,14,PS,64,7P3,An equity analyst needs to select 3 stocks for the upcoming year and rank these securities...
Topic 7 - Permutations and Combinations,15,PS,64,5 ! / 2!,How many different fiveHletter combinations can be created from the word TWIST?
Topic 7 - Permutations and Combinations,16,PS,64,4P3,If an employee ID code must consist of 3 nonHrepeating digits and each digit in the code m...
Topic 7 - Permutations and Combinations,17,PS,64,4 × 4 = 16,"A university cafeteria offers 4 flavors of pizza – pepperoni, chicken, Hawaiian and vegeta..."
Topic 7 - Permutations and Combinations,18,PS,64,Another version: 2 × 5C4 × 2 = 20,Mario's Pizza has two choices of crust: deep dish and thinHandHcrispy. The restaurant also...
Topic 7 - Permutations and Combinations,19,PS,64,(3 ! × 2 ! × 3 !) × 3 !,"A book store has received 8 different books, of which 3/8 are novels, 25% are study guides..."
Topic 7 - Permutations and Combinations,20,PS,65,3 ! × 2 !,A group of 5 students bought movie tickets in one row next to each other. If Bob and Lisa...
Topic 7 - Permutations and Combinations,21,PS,65,1 × 10 × 10 × 5,Mark’s clothing store uses a barHcode system to identify every item. Each item is marked b...
Topic 7 - Permutations and Combinations,22,PS,65,5C3 × 4C3,Fernando purchased a university meal plan that allows him to have a total of 3 lunches and...
Topic 7 - Permutations and Combinations,23,PS,65,5 ! × 2 !,If the President and the Vice President must sit next to each other in a row with 4 other...
Topic 7 - Permutations and Combinations,24,PS,65,5C3 + 5C4,"To apply for the position of photographer at a local magazine, Veronica needs to include 3..."
Topic 7 - Permutations and Combinations,25,PS,65,3C2 × 1 × 3C2,A retail company needs to set up 5 additional distribution centers that can be located in...
Topic 7 - Permutations and Combinations,26,PS,65,3 ! × 2 ! × 2 ! × 2 !,Three couples need to be arranged in a row for a group photo. If the couples cannot be sep...
Topic 7 - Permutations and Combinations,27,PS,65,"TTTHHH, HTTTHH, HHTTTH, HHHTTT; total 4","If 6 fair coins are tossed, how many different coin sequences will have exactly 3 tails, i..."
Topic 7 - Permutations and Combinations,28,PS,65,The only combination of odd is 5 × 5 × 5. So total required...,A telephone company needs to create a set of 3Hdigit area codes. The company is entitled t...
Topic 7 - Permutations and Combinations,29,PS,65,6P4 × 2 = 720,"Jake, Lena, Fred, John and Inna need to drive home from a corporate reception in an SUV th..."
Topic 7 - Permutations and Combinations,30,PS,65,2 × 2 × 2 × 4 × 4 – 2 × 1 × 1 × 4 × 4 = 96,In how many ways can a teacher write an answer key for a miniHquiz that contains 3 trueHfa...
Topic 7 - Permutations and Combinations,31,PS,65,10,A student committee on academic integrity has 90 ways to select a president and viceHpresi...
Topic 7 - Permutations and Combinations,32,PS,65,3 ! × 3 ! = 36,"A pod of 6 dolphins always swims single file, with 3 females at the front and 3 males in t..."
Topic 7 - Permutations and Combinations,33,PS,65,6C2 × 9 × 3 = 405 seconds,A British spy is trying to escape from his prison cell. The lock requires him to enter one...
Topic 7 - Permutations and Combinations,34,PS,65,9 ! / 5! × 4!,"Every morning, Casey walks from her house to the bus stop. She always travels exactly nine..."
Topic 7 - Permutations and Combinations,35,PS,65,6 × 2 × 1 × 3 × 2 × 1 = 72,Three dwarves and three elves sit down in a row of six chairs. If no dwarf will sit next t...
Topic 7 - Permutations and Combinations,36,PS,66,(5! / 2! – 4! / 2!) = 48.,Gordon buys 5 dolls for his 5 nieces. The gifts include two identical SunHandHFun beach do...
Topic 7 - Permutations and Combinations,37,DS,66,D,How many different 5Hperson teams can be formed from a group of x individuals? (1) If ther...
Topic 7 - Permutations and Combinations,38,DS,66,A,There are x people and y chairs in a room where x and y are positive prime numbers. How ma...
Topic 7 - Permutations and Combinations,39,PS,66,C,"A gambler began playing blackjack with $110 in chips. After exactly 12 hands, he left the..."
Topic 7 - Permutations and Combinations,40,PS,66,B,"In a 4 person race, medals are awarded to the fastest 3 runners. The firstHplace runner re..."
Topic 7 - Permutations and Combinations,41,PS,66,D,The organizers of a weekHlong fair have hired exactly five security guards to patrol the f...
Topic 7 - Permutations and Combinations,42,PS,66,A,"Larry, Michael, and Doug have five donuts to share. If any one of the men can be given any..."
Topic 7 - Permutations and Combinations,43,PS,66,D,A woman has seven cookies—four chocolate chip and three oatmeal. She gives one cookie to e...
Topic 7 - Permutations and Combinations,44,DS,66,D,Sammy has x flavors of candies with which to make goody bags for Frank's birthday party. S...
Topic 7 - Permutations and Combinations,45,PS,66,C,How many different combinations of outcomes can you make by rolling three standard (6Hside...
Topic 7 - Permutations and Combinations,46,PS,66,B,"A certain league has four divisions. The respective divisions had 9, 10, 11, and 12 teams..."
Topic 7 - Permutations and Combinations,47,PS,67,D,"You have a bag of 9 letters: 3 Xs, 3 Ys, and 3 Zs. You are given a box divided into 3 rows..."
Topic 7 - Permutations and Combinations,48,PS,67,B,Eight women of eight different heights are to pose for a photo in two rows of four. Each w...
Topic 7 - Permutations and Combinations,49,PS,67,20,"Company X has 6 regional offices. Each regional office must recommend two candidates, one..."
Topic 7 - Permutations and Combinations,50,PS,67,B,"You have a sixHsided cube and six cans of paint, each a different color. You may not mix c..."
Topic 7 - Permutations and Combinations,51,PS,67,B,A group of four women and three men have tickets for seven adjacent seats in one row of a...
Topic 7 - Permutations and Combinations,52,PS,67,C,Anthony and Michael sit on the sixHmember board of directors for company X. If the board i...
Topic 7 - Permutations and Combinations,53,PS,67,B,"A family consisting of one mother, one father, two daughters and a son is taking a road tr..."
Topic 7 - Permutations and Combinations,54,PS,67,D,Six mobsters have arrived at the theater for the premiere of the film “Goodbuddies.” One o...
Topic 7 - Permutations and Combinations,55,DS,67,C,"A college admissions committee will grant a certain number of $10,000 scholarships, $5,000..."
Topic 7 - Permutations and Combinations,56,DS,67,C,"A certain panel is to be composed of exactly three women and exactly two men, chosen from..."
Topic 7 - Permutations and Combinations,57,PS,68,D,A student committee that must consist of 5 members is to be formed from a pool of 8 candid...
Topic 7 - Permutations and Combinations,58,PS,68,A,"How many ways are there to award a gold, silver and bronze medal to 10 contending teams? 1..."
Topic 7 - Permutations and Combinations,59,DS,68,E,"From a drawer containing black, blue and gray solidHcolor socks, including at least three..."
Topic 7 - Permutations and Combinations,60,PS,68,E,"On Tuesday, Kramer purchases exactly 3 new shirts, 2 new sweaters, and 4 new hats, On the..."
Topic 7 - Permutations and Combinations,61,PS,68,E,"A certain stock exchange designates each stock with a oneH , twoH, or threeHletter code, w..."
Topic 7 - Permutations and Combinations,62,PS,68,B,A certain law firm consists of 4 senior partners and 6 junior partners. How many different...
Topic 7 - Permutations and Combinations,63,PS,68,4536,A company plans to assign identification numbers to its employees. Each number is to consi...
Topic 7 - Permutations and Combinations,64,PS,68,C,Pat will walk from intersection X to intersection y along route that is confined to the sq...
Topic 7 - Permutations and Combinations,65,PS,68,1/3,Tanya prepared four different letters to be sent to four different addresses. For each let...
Topic 7 - Permutations and Combinations,66,PS,68,24,5 people are to be seated around a circular table. Two seating arrangement are considered...
Topic 8 - Probability,67,PS,71,,A fair coin is flipped three times. What is the probability that the coin lands on heads e...
Topic 8 - Probability,68,DS,71,,Is the probability that Patty will answer all of the questions on her chemistry exam corre...
Topic 8 - Probability,69,PS,71,,There are 10 women and 3 men in room A. One person is picked at random from room A and mov...
Topic 8 - Probability,70,PS,71,,"If the probability of rain on any given day in Chicago during the summer is 50%, independe..."
Topic 8 - Probability,71,PS,71,,"In a shipment of 20 cars, 3 are found to be defective. If four cars are selected at random..."
Topic 8 - Probability,72,PS,71,,A certain bag of gemstones is composed of twoHthirds diamonds and oneHthird rubies. If the...
Topic 8 - Probability,73,PS,71,,"Triplets Adam, Bruce, and Charlie enter a triathlon. If there are 9 competitors in the tri..."
Topic 8 - Probability,75,PS,71,,"A random 10Hletter code is to be formed using the letters A, B, C, D, E, F, G, H, I and I..."
Topic 8 - Probability,77,PS,71,,A box contains three pairs of blue gloves and two pairs of green gloves. Each pair consist...
Topic 8 - Probability,78,PS,71,,A football team has 99 players. Each player has a uniform number from 1 to 99 and no two p...
Topic 8 - Probability,79,PS,72,,"What is the probability that w v u and z y x are reciprocal fractions? ( 1) v, w, y, and z..."
Topic 8 - Probability,80,PS,72,,"Bill and Jane play a simple game involving two fair dice, each of which has six sides numb..."
Topic 8 - Probability,81,PS,72,,"Kate and Danny each have $10. Together, they flip a fair coin 5 times. Every time the coin..."
Topic 8 - Probability,82,PS,72,,There is a 10% chance that it won’t snow all winter long. There is a 20% chance that schoo...
Topic 8 - Probability,84,PS,72,,"A small, experimental plane has three engines, one of which is redundant. That is, as long..."
Topic 8 - Probability,85,DS,72,,"In the game of Funball, each batter can either hit a home run, hit a single, or strikeout,..."
Topic 8 - Probability,86,PS,72,,Ms. Barton has four children. You are told correctly that she has at least two girls but y...
Topic 8 - Probability,87,DS,72,,Mike recently won a contest in which he will have the opportunity to shoot free throws in...
Topic 8 - Probability,88,PS,73,,"Laura has a deck of standard playing cards with 13 of the 52 cards designated as a ""heart...."
Topic 8 - Probability,89,PS,73,,A license plate in the country Kerrania consists of four digits followed by two letters. T...
Topic 8 - Probability,79,PS,73,,"If it takes the police 10 minutes to inspect each vehicle, what is the probability that th..."
Topic 8 - Probability,90,PS,73,,"A grid of light bulbs measures x bulbs by x bulbs, where x > 2. If 4 light bulbs are illum..."
Topic 8 - Probability,91,PS,73,,Baseball's World Series matches 2 teams against each other in a bestHofHseven series. The...
Topic 8 - Probability,92,PS,73,,"Harriet and Tran each have $10. Together, they flip a fair coin 5 times. Every time the co..."
Topic 8 - Probability,93,PS,73,,If 40 percent of all students at College X have brown hair and 70 percent of all students...
Topic 8 - Probability,94,PS,73,,"In a room filled with 7 people, 4 people have exactly 1 friend in the room and 3 people ha..."
Topic 8 - Probability,95,PS,73,,Bill has a small deck of 12 playing cards made up of only 2 suits of 6 cards each. Each of...
Topic 8 - Probability,96,PS,73,,"If a jury of 12 people is to be selected randomly from a pool of 15 potential jurors, and..."
Topic 8 - Probability,97,PS,73,,John and Peter are among the nine players a basketball coach can choose from to field a fi...
Topic 8 - Probability,98,PS,73,,A small company employs 3 men and 5 women. If a team of 4 employees is to be randomly sele...
Topic 8 - Probability,99,PS,73,,"A box contains one dozen donuts. Four of the donuts are chocolate, four are glazed, and fo..."
Topic 8 - Probability,100,DS,74,,"8 cities, including Memphis, compete in a national contest to host a political convention...."
Topic 8 - Probability,101,PS,74,,"A hand purse contains 6 nickels, 5 pennies and 4 dimes. What is the probability of picking..."
Topic 8 - Probability,102,PS,74,,"Jim and Renee will play one game of Rock, Paper, Scissors. In this game, each will select..."
Topic 8 - Probability,103,DS,74,,A certain box contains only red balls and green balls. If one ball is randomly selected fr...
Topic 8 - Probability,104,PS,74,,"At a certain car dealership, the 40 vehicles equipped with air conditioning represent 80%..."
Topic 8 - Probability,105,PS,74,,"In a card game, a combination of two aces beats all others. If Jose is the first to draw f..."
Topic 8 - Probability,106,PS,74,,"Derrick and Lena, a married couple attending the same business school, go to a corporate p..."
Topic 8 - Probability,107,PS,74,,If two balls are randomly drawn from a green urn containing 5 black and 5 white balls and...
Topic 8 - Probability,108,PS,74,,"In a certain game of dice, the player’s score is determined as a sum of three throws of a..."
Topic 8 - Probability,109,PS,74,,"Mathematics, Physics and Chemistry books are stored on a library shelf that can accommodat..."
Topic 8 - Probability,110,PS,74,,Maria bought 4 black and a certain number of red and blue pencils at 15 cents each and car...
Topic 8 - Probability,111,PS,74,,"If Jessica tosses a coin 3 times, what is the probability that she will get heads at least..."
Topic 8 - Probability,112,PS,74,,"Set S consists of numbers 2, 3, 6, 48 and 164. Number K is computed by multiplying one ran..."
Topic 8 - Probability,113,PS,75,,"Two identical urns—black and white—each contain 5 blue, 5 red and 10 green balls. Every ba..."
Topic 8 - Probability,114,PS,75,,"According to a recent student poll, 15 out of 21 members of the finance club are intereste..."
Topic 8 - Probability,115,PS,75,,"If 4 fair dice are thrown simultaneously, what is the probability of getting at least one..."
Topic 8 - Probability,116,PS,75,,Operation ‘#” is defined as adding a randomly selected twoHdigit multiple of 6 to a random...
Topic 8 - Probability,117,PS,75,,"Number N is randomly selected from a set of consecutive integers between 50 and 69, inclus..."
Topic 8 - Probability,118,PS,75,,"Each year three space shuttles are launched, two in June and one in October. If each shutt..."
Topic 8 - Probability,119,PS,75,,Rowan throws 3 dice and records the product of the numbers appearing at the top of each di...
Topic 8 - Probability,120,PS,75,,"A telephone number contains 10 digits, including a 3Hdigit area code. Bob remembers the ar..."
Topic 8 - Probability,121,PS,75,,"If number N is randomly drawn from a set of all nonHnegative singleHdigit integers, what i..."
Topic 8 - Probability,122,PS,75,,The acceptance rate at a certain business school is 15% for the first time applicants and...
Topic 8 - Probability,123,PS,75,,If a randomly selected positive single digit multiple of 3 is multiplied by a randomly sel...
Topic 8 - Probability,124,DS,75,,"If a pencil is selected at random from a desk drawer, what is the probability that this pe..."
Topic 8 - Probability,125,DS,75,,What is the probability of selecting a white ball from an urn? (1) There are twice as many...
Topic 8 - Probability,126,DS,75,,Jonathan would like to visit one of the 12 gyms in his area. If he selects a gym at random...
Topic 8 - Probability,127,DS,75,,"There were initially no black marbles in a jar. Subsequently, new marbles were added to th..."
Topic 8 - Probability,128,DS,75,,What is the probability that it will rain on each of the next 3 days if the probability of...
Topic 8 - Probability,129,DS,76,,"If a number is drawn at random from the first 1000 positive integers, what is the probabil..."
Topic 8 - Probability,130,PS,76,,"Number N is randomly selected from a set of all primes between 10 and 40, inclusive. Numbe..."
Topic 8 - Probability,131,DS,76,,What is the probability of selecting a clean number from a set of integers containing all...
Topic 8 - Probability,132,PS,76,,"On his drive to work, Leo listens to one of three radio stations A, B, or C. He first turn..."
Topic 8 - Probability,133,PS,76,,A certain junior class has 1000 students and a certain senior class has 800 students. Amon...
Topic 8 - Probability,134,PS,76,,"Each of the 25 balls in a certain box is either red, blue, or white and has a number from..."
Topic 8 - Probability,135,PS,76,,"A certain jar contains only B black marbles, W white marbles, and R red marbles, if one ma..."
Topic 8 - Probability,136,PS,76,,"There are eight magazines, including 4 fashion books and 4 sports books. If three books ar..."
Topic 8 - Probability,137,PS,76,,"What is the probability that a number selected from (H10, H6, H5, H4, H2.5, H1, 0, 2.5, 4,..."
MISCELLANEOUS QUESTIONS,1,PS,77,,"A political candidate collected $1,749 from a fund raising dinner. If each supporter contr..."
MISCELLANEOUS QUESTIONS,2,PS,77,,"Joan, Kylie, Lillian, and Miriam all celebrate their birthdays today. Joan is 2 years youn..."
MISCELLANEOUS QUESTIONS,3,PS,77,,Janet is now 25 years younger than her mother Carol. If in 6 years Janet's age will be hal...
MISCELLANEOUS QUESTIONS,4,PS,77,,"A certain company has budgeted $1,440 for entertainment expenses for the year, divided int..."
MISCELLANEOUS QUESTIONS,5,PS,77,,"The ACME company manufactured x brooms per month from January to April, inclusive. On the..."
MISCELLANEOUS QUESTIONS,6,PS,77,,The number of passengers on a certain bus at any given time is given by the equation P = H...
MISCELLANEOUS QUESTIONS,7,PS,77,,John was 27 years old when he married Betty. They just celebrated their fifth wedding anni...
MISCELLANEOUS QUESTIONS,8,PS,77,,"Joe needs to paint all the airplane hangars at the airport, so he buys 360 gallons of pain..."
MISCELLANEOUS QUESTIONS,9,PS,77,,"A certain movie star's salary for each film she makes consists of a fixed amount, along wi..."
MISCELLANEOUS QUESTIONS,10,PS,77,,"As a bicycle salesperson, Norman earns a fixed salary of $20 per week plus $6 per bicycle..."
MISCELLANEOUS QUESTIONS,11,PS,77,,A basketball team composed of 12 players scored 100 points in a particular contest. If non...
MISCELLANEOUS QUESTIONS,12,PS,78,,"Sally has a gold credit card with a certain spending limit, and a platinum card with twice..."
MISCELLANEOUS QUESTIONS,13,PS,78,,Martina earns oneHsixth of her annual income during the month of June and oneHeighth in Au...
MISCELLANEOUS QUESTIONS,14,PS,78,,"On January 1, 2076, Lake Loser contains x liters of water. By Dec 31 of that same year, 2/..."
MISCELLANEOUS QUESTIONS,15,PS,78,,3/4 of all married couples have more than one child. 2/5 of all married couples have more...
MISCELLANEOUS QUESTIONS,16,PS,78,,"Billy has an unlimited supply of the following coins: pennies (1¢), nickels (5¢), dimes (1..."
MISCELLANEOUS QUESTIONS,17,PS,78,,A certain violet paint contains 30 percent blue pigment and 70 percent red pigment by weig...
MISCELLANEOUS QUESTIONS,18,PS,78,,"The workforce of a certain company comprised exactly 10,500 employees after a fourHyear pe..."
MISCELLANEOUS QUESTIONS,19,PS,78,,"A certain farm has a group of sheep, some of which are rams (males) and the rest ewes (fem..."
MISCELLANEOUS QUESTIONS,20,PS,78,,"The price of a bushel of corn is currently $3.20, and the price of a peck of wheat is $5.8..."
MISCELLANEOUS QUESTIONS,21,DS,79,,"At a certain college, students can major in science, math, history, or linguistics. If the..."
MISCELLANEOUS QUESTIONS,22,DS,79,,"A green bucket and a blue bucket are each filled to capacity with several liquids, none of..."
MISCELLANEOUS QUESTIONS,23,DS,79,,"At a certain bookstore, each notepad costs x dollars and each markers costs y dollars. If..."
MISCELLANEOUS QUESTIONS,25,DS,79,,"Bill runs a hot dog stand, and at the end of the day he has collected an assortment of $1,..."
MISCELLANEOUS QUESTIONS,26,DS,79,,"In a single row of yellow, green and red colored tiles, every red tile is preceded immedia..."
MISCELLANEOUS QUESTIONS,27,DS,79,,A number of apples and oranges are to be distributed evenly among a number of baskets. Eac...
MISCELLANEOUS QUESTIONS,28,DS,79,,A store purchases 20 coats that each cost an equal amount and then sold each of the 20 coa...
MISCELLANEOUS QUESTIONS,29,DS,79,,"Six countries in a certain region sent 75 representatives to an international congress, an..."
MISCELLANEOUS QUESTIONS,30,DS,79,,"In a certain conference room each row of chairs has the same number of chairs, and the num..."
MISCELLANEOUS QUESTIONS,31,DS,80,,"Store S sold a total of 90 copies of a certain book during the seven days of last week, an..."
MISCELLANEOUS QUESTIONS,32,DS,80,,Each person attending a fundHraising party for a certain club was charged the same admissi...
MISCELLANEOUS QUESTIONS,33,DS,80,,"If Bob produces 36 or fewer in a week, he is paid X dollars per item. If Bob produces more..."
MISCELLANEOUS QUESTIONS,34,DS,80,,Did one of three members of a certain team sell at least 2 raffle tickets yesterday? (1) T...
MISCELLANEOUS QUESTIONS,35,DS,80,,One kilogram of a certain coffee blend consists of X kilogram of type I and Y kilogram of...
MISCELLANEOUS QUESTIONS,36,DS,80,,Marta bought several pencils. If each pencil was either a 23Hcent pencil or a 21Hcent penc...
MISCELLANEOUS QUESTIONS,37,DS,80,,Juan bought some paperback books that cost $8 each and hardcover books that $25 each. If J...
MISCELLANEOUS QUESTIONS,38,DS,80,,"For Manufacturer M, the cost C of producing X Units of its product per month is given by c..."
MISCELLANEOUS QUESTIONS,39,PS,80,,A computer chip manufacturer expects the ratio of the number of defective chips to the tot...
MISCELLANEOUS QUESTIONS,40,PS,80,,A certain library assesses fines for overdue books as follows. On the first day that a boo...
MISCELLANEOUS QUESTIONS,41,PS,81,,"When a certain tree was first planted, it was 4 feet tall, and the height of the tree incr..."
MISCELLANEOUS QUESTIONS,42,PS,81,,"To celebrate a colleague's retirement, the T coworkers in an office agreed to share equall..."
MISCELLANEOUS QUESTIONS,43,PS,81,,A certain business company produced x rakes each month from November through February and...
MISCELLANEOUS QUESTIONS,44,PS,81,,"A certain company plans to sell Product X for p dollars per unit, where p is randomly chos..."
MISCELLANEOUS QUESTIONS,45,PS,81,,Every day a certain bank calculates its average daily deposit for that calendar month up t...
MISCELLANEOUS QUESTIONS,46,DS,81,,Three completely unmarked containers are used for measuring water. Water may be poured fro...
MISCELLANEOUS QUESTIONS,48,PS,81,,Chandra and Ken are waiting in line for concert tickets. If each person takes up 2 feet of...
MISCELLANEOUS QUESTIONS,49,DS,81,,"Nina and Teri are playing a dice game. Each girl rolls a pair of 12Hsided dice, numbered w..."
MISCELLANEOUS QUESTIONS,50,DS,81,,"In the game Cako, a player is awarded one tick for every third Alb captured, and one click..."
MISCELLANEOUS QUESTIONS,51,PS,82,,The vertical position of an object can be approximated at any given time by the function:...
MISCELLANEOUS QUESTIONS,52,DS,82,,"A Trussian's weight, in keils, can be calculated by taking the square root of his age in y..."
MISCELLANEOUS QUESTIONS,54,PS,82,,Jim went to the bakery to buy donuts for his office mates. He chose a quantity of similar...
MISCELLANEOUS QUESTIONS,55,DS,82,,Bobby and his younger brother Johnny have the same birthday. Johnny's age now is the same...
MISCELLANEOUS QUESTIONS,56,PS,82,,A certain clothing manufacturer makes only two types of men's blazer: cashmere and mohair....
MISCELLANEOUS QUESTIONS,57,PS,82,,Roberto has three children: two girls and a boy. All were born on the same date in differe...
MISCELLANEOUS QUESTIONS,59,DS,82,,"Ten years ago, scientists predicted that the animal z would become extinct in t years. Wha..."
MISCELLANEOUS QUESTIONS,60,PS,82,,The longevity of a certain metal construction is determined by the following formula: l =...
"Calculations, Exponents, Basic Algebra",2,PS,83,,List the following in increasing order from left to right: ? 3. lies between: 4 & 5 5 & 6...
"Calculations, Exponents, Basic Algebra",4,DS,83,,8 a(1/4)b = ? (1) b = 1.5a (2) a = 2
"Calculations, Exponents, Basic Algebra",5,PS,83,,"A, B, C, D, E, F, G, and H are all integers, listed in order of increasing size. When thes..."
"Calculations, Exponents, Basic Algebra",6,PS,83,,(3 5x + 35x + 35x)(45x + 45x + 45x + 45x) =
"Calculations, Exponents, Basic Algebra",7,PS,83,,"The threeHdigit positive integer x has the hundreds, tens, and units digits of a, b, and c..."
"Calculations, Exponents, Basic Algebra",8,DS,83,,Is x > 1010 ? (1) x > 234 (2) x = 235 9. = ?
"Calculations, Exponents, Basic Algebra",10,DS,83,,What is the value of 2 a4b? (1) a = H2b (2) b = 4
"Calculations, Exponents, Basic Algebra",11,PS,83,,"If 27 4x + 2 × 162H2x × 36x × 96 – 2x = 1, then what is the value of x? H9 H6 3 6 9"
"Calculations, Exponents, Basic Algebra",12,PS,83,,"If (2 2x+1)(32yH1) = 8x27y, then x + y = H3 H1 0 1 3"
"Calculations, Exponents, Basic Algebra",13,PS,83,,"If (6 2)(44)(5x)(20) / (82)(9) = 1375, what is the value of x? H1 0 1 2 3"
"Calculations, Exponents, Basic Algebra",14,DS,83,,"If 5 x = y, what is x? (1) y2 = 625 (2) y3 = 15,625"
"Calculations, Exponents, Basic Algebra",15,DS,83,,"Wendy, Jim, and Pedro are golfing. Collectively, they have 24 golf balls. How many golf ba..."
"Calculations, Exponents, Basic Algebra",16,DS,83,,"If x, y, and z are integers greater than 1, and (327)(3510)(z) = (58)(710)(914)(xy), then..."
"Calculations, Exponents, Basic Algebra",17,PS,83,,"If 4 4x = 1600, what is the value of (4x–1)2? 40 20 10 5/2 5/4"
"Calculations, Exponents, Basic Algebra",18,PS,83,,"If x and y are integers and (15x + 15x+1) / 4y = 15y, what is the value of x? 2 3 4 5 Cann..."
"Calculations, Exponents, Basic Algebra",19,PS,83,,"If 3 m3m3m = 9n, then m/n = H24(512) H23(512) H24(56) 23(512) 24(512) 125x+1 315x + 420x 2..."
"Calculations, Exponents, Basic Algebra",20,DS,84,,"If a = 3b – 1, what is the value of a + b ? (1) 3 b + 2 = 243 (2) a = 32b – 4 21. What is..."
"Calculations, Exponents, Basic Algebra",22,DS,84,,"If x2/9 – 4/y2 = 12, what is the value of x? (1) x/3 + 2/y = 6 (2) x/3 – 2/y = 2"
"Calculations, Exponents, Basic Algebra",23,DS,84,,What is the value of ( a + b)2 ? (1) a = 15/b (2) (a – b)2 = 4
"Calculations, Exponents, Basic Algebra",24,PS,84,,"If x and y are positive and x2y2 = 18 – 3xy, then x2 = 18 – 3y / y3 18 / y2 18 / y2 + 3y 9..."
"Calculations, Exponents, Basic Algebra",25,PS,84,,"If y = √(3y + 4), then the product of all possible solutions for y is H4 H2 0 3 6"
"Calculations, Exponents, Basic Algebra",26,PS,84,,"If the sum of the cubes of a and b is 8 and a6 – b6 = 14, what is the value of a3 – b3? ¼..."
"Calculations, Exponents, Basic Algebra",27,PS,84,,"If x does not equal y, and xy does not equal 0, then when x is replaced by 1/x and y is re..."
"Calculations, Exponents, Basic Algebra",28,PS,84,,"If x and y are nonHzero integers, and 9 x4 – 4y4 = 3x2 + 2y2, which of the following could..."
"Calculations, Exponents, Basic Algebra",29,DS,84,,What is the ratio of r to s? (1) r + s = 7 (2) r2 – s2 = 7
"Calculations, Exponents, Basic Algebra",30,DS,84,,"If there are x men and y women in a choir, and there are z more men than there are women i..."
"Calculations, Exponents, Basic Algebra",31,PS,84,,"The value of x is one quarter of z. The sum of x, y, and z is equal to 26. If the value of..."
"Calculations, Exponents, Basic Algebra",32,DS,84,,"If 2 + 5a – b/2 = 3c, what is the value of b? (1) a + c = 13 (2) H12c = H20a + 4"
"Calculations, Exponents, Basic Algebra",33,DS,84,,"If xy does not equal zero, what is the value of xy? (1) 2/x + 2/y = 3 (2) x 3 – (2/y)3 = 0"
"Calculations, Exponents, Basic Algebra",34,PS,84,,The expression 3 / (2 + √3) is equal to:
"Calculations, Exponents, Basic Algebra",35,PS,84,,"If (1/5) m × (1/4)18=1/2 × (10)35, then m=?"
"Calculations, Exponents, Basic Algebra",36,PS,84,,"If 5 21 × 411=2 × 10n, what is the value of n? 11 21 22 23 32"
"Calculations, Exponents, Basic Algebra",37,PS,84,,Which of the following best approximates the value of q if 528+311=5q ? 39 30 28 27 17
"Calculations, Exponents, Basic Algebra",38,DS,84,,What is the value of (2 x + 2x) / 2y ? (1) x – y = 8 (2) x/y = H3 39. If x is not equal to...
"Calculations, Exponents, Basic Algebra",40,DS,85,,Is Y greater than 7/11? (1) 1/5 < Y < 11/12 (2) 2/9 < Y < 8/13
"Calculations, Exponents, Basic Algebra",41,PS,85,,"If (√x + √y) / (x – y) = (2√x + 2√y) / [x + 2√(xy) + y], what is the ratio of x to y ? ½ 2..."
"Calculations, Exponents, Basic Algebra",42,DS,85,,Is pq = 1? (1) pqp = p (2) qpq = q
"Calculations, Exponents, Basic Algebra",43,PS,85,,"(16 x4 – 81y4) / (2x + 3y) = 12x2 + 27y2 and 4x + 3y = 9, what is x? 1 1.5 2 3 4"
"Calculations, Exponents, Basic Algebra",44,PS,85,,"If f(x) = ax4 – 4x2 + ax – 3, then f(b) – f(Hb) will equal:"
"Calculations, Exponents, Basic Algebra",45,PS,85,,"If p&q = p2 + q2 – 2pq, for what value of q is p&q equal to p2 for all values of p? H2 H1..."
"Calculations, Exponents, Basic Algebra",46,DS,85,,"If t and u are positive integers, what is the value of tH2uH3? (1) tH3uH2 = 1/36 (2) t(uH1..."
"Calculations, Exponents, Basic Algebra",47,PS,85,,"If a and b are different values and a – b = √a H √b, then in terms of b, a equals: √b b b..."
"Calculations, Exponents, Basic Algebra",48,DS,85,,What is the value of ( a! + b!)(c! + d!)? (1) b!d! = 4(a!d!) (2) 60(b!c!) = (b!d!)
"Calculations, Exponents, Basic Algebra",49,PS,85,,"If f(x) = 125/x 3, what is the value of f(5x) / f(x/5) in terms of f(x)? (A) (f(x))2 (B) f..."
"Calculations, Exponents, Basic Algebra",50,PS,85,,"If [3(ab) 3 + 9(ab) 2 – 54ab] / [(aH1)(a + 2)] = 0, and a and b are both nonHzero integers..."
"Calculations, Exponents, Basic Algebra",51,PS,85,,"If the reciprocals of two consecutive integers are added to one another, what is the sum i..."
"Calculations, Exponents, Basic Algebra",52,DS,85,,What is the value of y + x3 + x? (1) y = x (x H 3) (x + 3) (2) y = H5x
"Calculations, Exponents, Basic Algebra",53,PS,85,,"If 3x – 2y – z = 32 + z and √(3x) H √(2y + 2z) = 4, what is the value of x + y + z? (A) 3..."
"Calculations, Exponents, Basic Algebra",54,DS,85,,"If z is not equal to zero, and , then z equals: s 3s 4s H3s H4s 55. 56. If , then = ? (1)..."
"Calculations, Exponents, Basic Algebra",57,DS,85,,"If a, b, x and y are positive integers, what is the value of a H b? (1) (2)"
"Calculations, Exponents, Basic Algebra",58,PS,85,,"If , what is the value of yz? (A) 24 (B) 30 (C) 36 (D) 42 (E) 50"
"Calculations, Exponents, Basic Algebra",59,PS,85,,"x and y are positive integers. , what is the value of xy? 0 2ab 2ab4 – 8b2 – 6 H2ab4 + 8b2..."
"Calculations, Exponents, Basic Algebra",60,PS,86,,"For a threeHdigit number xyz, where x, y, and z are the digits of the number, . If , what..."
"Calculations, Exponents, Basic Algebra",61,DS,86,,"If x, y, and z are integers and 2x5yz = 0.00064, what is the value of xy? (1) z = 20 (2) x..."
"Calculations, Exponents, Basic Algebra",62,DS,86,,"If x is a nonHzero integer, what is the value of xy? (1) x = 2 (2) (128 x)(6x + y) = (482x..."
"Calculations, Exponents, Basic Algebra",63,DS,86,,"If n is an integer and f(n) = f(n – 1) – n, what is the value of f (4)? (1) f(3) = 14 (2)..."
"Calculations, Exponents, Basic Algebra",64,PS,86,,"If #p# = ap3+ bp – 1 where a and b are constants, and #H7# = 3, what is the value of #7#?..."
"Calculations, Exponents, Basic Algebra",65,PS,86,,"Let f(x) = x2 + bx + c. If f(6) = 0 and f(H3) = 0, then b + c = 18 15 H15 H21 H24"
"Calculations, Exponents, Basic Algebra",66,PS,86,,"If = , then x could be equal to which of the following? H1 0 1 4 cannot be determined."
"Calculations, Exponents, Basic Algebra",67,DS,86,,"If 6 xy = x2y + 9y, what is the value of xy? (1) y – x = 3 (2) x3 < 0"
